id,Product,PMM,Doc_DRI,Doc_type,Content_Title,Description,Update_frequency,Content_status,Last_updated_on,Link,Generated_Keywords
1,ADManager Plus,Anupriya T,admp-marketing@zohocorp.com,Brochure or flyer,Brochure,"A PDF with 2-3 pages that gives an overview of the product, its features, and benefits, and basic pricing/licensing details.",,Up-to-date,Dec 2024,https://workdrive.zoho.com/file/dinz1bd756e9a65e34e52acdf05df1e7e182b,"pdf, brochure, pages, admanager plus, admp"
2,ADManager Plus,Anupriya T,admp-marketing@zohocorp.com,Brochure or flyer,Datasheet,"A PDF with 2-3 pages that gives an overview of the product, its features, and technical details such as system requirements.",,Up-to-date,Dec 2024,https://download.manageengine.com/products/ad-manager/active-directory-manager-flyer.pdf,"pdf, pages, datasheet, admanager plus, admp"
3,ADManager Plus,Anupriya T,admp-marketing@zohocorp.com,Presentation,Slide deck,"PPT with 20-30 slides giving an overview of the product, its features, benefits, etc.",,Up-to-date,Dec 2024,https://download.manageengine.com/products/ad-manager/admanager-overview-new.pdf,"slide, admanager plus, ppt, deck, admp"
4,ADManager Plus,Anupriya T,admp-marketing@zohocorp.com,Brochure or flyer,Battlecard,"A PDF that shows where the product stands in the current market and how to pitch the product to a lead.
Note: For internal and reseller consumption only.",,Up-to-date,Dec 2024,https://admp.wiki.zoho.com/_attach/marketing/1/17648000003196451/ADManager%2BPlus%2BBattlecard%2B-16.pdf,"pdf, battlecard, admanager plus, shows, admp"
5,ADManager Plus,Anupriya T,admp-marketing@zohocorp.com,Webpage,ROI calculator,A webpage that shows the ROI of the product.,,Up-to-date,Dec 2024,https://www.manageengine.com/products/ad-manager/roi-calculator.html,"calculator, roi, admanager plus, admp, webpage"
6,ADManager Plus,Anupriya T,admp-marketing@zohocorp.com,E-book or guide,Use cases document,A PDF that lists the important use cases the product addresses.,,Up-to-date,Dec 2024,https://download.manageengine.com/products/ad-manager/access-certification-use-cases-guide.pdf,"pdf, cases, admanager plus, admp, use"
7,ADManager Plus,Anupriya T,admp-marketing@zohocorp.com,Brochure or flyer,Sales Cheat sheet,"A PDF that shows where the product stands in the current market, list the customer pain points, business benefits, use cases, and how to pitch the product to a lead. Note: For internal and reseller consumption only.",,Up-to-date,Dec 2024,https://workdrive.zoho.com/file/70arxbf7dc208cd234cae8705529481784361,"cheat, sales, admanager plus, sheet, admp"
8,ADManager Plus,Anupriya T,admp-marketing@zohocorp.com,Technical Document,Admin guide,"Provides you the details of system requirements, product installation and start up. Guides you in configuring ADManager Plus and provides the steps to use all the features.",,Up-to-date,Sep 2024,https://www.manageengine.com/products/ad-manager/help/index.html,"admin, admanager plus, details, provides, admp"
9,ADManager Plus,Anupriya T,admp-marketing@zohocorp.com,Technical Document,Architecture guide,Provides information on how each module of ADManager Plus works with AD.,,Up-to-date,Sep 2024,https://download.manageengine.com/products/ad-manager/solution-architecture.pdf,"information, architecture, admanager plus, provides, admp"
10,ADManager Plus,Anupriya T,admp-marketing@zohocorp.com,Technical Document,Installation guide,"Provides details on installing and running ADManager Plus as an application or service, installing service packs, configuring domains, and implementing the necessary permissions",,Up-to-date,Sep 2024,https://download.manageengine.com/products/ad-manager/admanager-plus-installation-guide.pdf,"service, installing, admanager plus, admp, installation"
11,ADManager Plus,Anupriya T,admp-marketing@zohocorp.com,Technical Document,Security measures guide,This document provides the steps needed to improve the security for your ADManager Plus instance,,Up-to-date,Sep 2024,https://download.manageengine.com/products/ad-manager/resources/securing-admanager-plus-installation.pdf,"admanager plus, provides, admp, measures, security"
12,ADManager Plus,Anupriya T,admp-marketing@zohocorp.com,Technical Document,MECPA,Questionnaire to be used for MECPA certification. Includes a few mock questions.,,Up-to-date,Sep 2024,https://writer.zoho.com/writer/open/dq2hqa653a42de82b400cb2dc7142a0abb3c2,"questionnaire, used, mecpa, admanager plus, admp"
13,ADManager Plus,Anupriya T,admp-marketing@zohocorp.com,Technical Document,MECPP,Questionnaire to be used for MECPA certification. Includes a few mock questions.,,Up-to-date,Jan 2025,https://writer.zoho.com/writer/open/b2kzm88aaa23930174c20b82d1c41f3805446,"questionnaire, used, mecpp, admanager plus, admp"
14,ADManager Plus,Anupriya T,admp-marketing@zohocorp.com,Technical Document,Integrations guide,List of all Third-party application integrations supported by ADManager Plus.,,Up-to-date,Sep 2024,https://www.manageengine.com/products/ad-manager/admanager-plus-integrations.html,"third, admanager plus, admp, integrations, list"
15,ADManager Plus,Anupriya T,admp-marketing@zohocorp.com,Technical Document,Database migration KB,Steps to migrate ADManager Plus database from PostgreSQL/MySQL to MS SQL,,Up-to-date,Sep 2024,https://www.manageengine.com/products/ad-manager/admanager-kb/admanager-plus-migration-to-mssql.html,"database, admanager plus, steps, admp, migration"
16,ADManager Plus,Anupriya T,admp-marketing@zohocorp.com,Technical Document,Database encryption Guide,Encryption and data storage in ADManager Plus database,,Up-to-date,Sep 2024,https://download.manageengine.com/products/ad-manager/encryption-and-data-storage-in-admanager-plus-database.pdf,"data, database, admanager plus, encryption, admp"
17,ADManager Plus,Anupriya T,admp-marketing@zohocorp.com,Technical Document,Third-party applications list,Lit of all third-party software used by ADManager Plus,,Up-to-date,Sep 2024,https://www.manageengine.com/products/ad-manager/help/third-party-software.html,"third, admanager plus, admp, party, applications"
18,ADManager Plus,Anupriya T,admp-marketing@zohocorp.com,Technical Document,SSL guide,Steps to install an SSL certificate in ADManager Plus,,Up-to-date,Sep 2024,https://www.manageengine.com/products/ad-manager/admanager-kb/how-to-install-ssl-certificate-in-admanager-plus.html,"ssl, admanager plus, steps, admp, install"
19,ADManager Plus,Anupriya T,admp-marketing@zohocorp.com,Technical Document,System requirements guide,"A guide that provides information on hardware and software pre requisites, disk space required for backup and recovery add-ons for ADManager Plus.",,Up-to-date,Sep 2024,https://download.manageengine.com/products/ad-manager/system-requirements.pdf,"admanager plus, provides, admp, requirements, system"
20,ADManager Plus,Anupriya T,admp-marketing@zohocorp.com,Technical Document,Data protection guide,A guide that provides information on how data can be secured in ADManager Plus.,,Up-to-date,Sep 2024,https://download.manageengine.com/products/ad-manager/data-protection-and-security-measures-guide.pdf,"data, protection, admanager plus, provides, admp"
21,ADManager Plus,Anupriya T,admp-marketing@zohocorp.com,Technical Document,AD least permission guide,A guide that elaborates on the least permissions required to use ADManager Plus.,,Under update,Feb 2024,https://download.manageengine.com/products/ad-manager/permissions-required-for-the-ad-account-configured-in-admanager-plus.pdf,"elaborates, permission, admanager plus, least, admp"
22,ADManager Plus,Anupriya T,admp-marketing@zohocorp.com,Technical Document,RFP template,This is a detailed request for proposal document that describes the features of ADManager Plus.,,Up-to-date,Sep 2024,https://workdrive.zoho.com/file/5i8xtfef569820f564893b95a0b07f54b5dc4,"template, admanager plus, detailed, admp, rfp"
23,ADManager Plus,Anupriya T,admp-marketing@zohocorp.com,Technical Document,SOW template,This document details the activities that will be a part of ADManager Plus implementation.,,Up-to-date,Sep 2024,https://workdrive.zoho.com/file/5i8xtf3b45d81d671496c9ade5c01f0256e9d,"template, admanager plus, details, admp, sow"
24,ADManager Plus,Anupriya T,admp-marketing@zohocorp.com,Technical Document,Workbook,This document provides you with exercises on all the features.,,Up-to-date,Sep 2024,https://download.manageengine.com/products/ad-manager/admanagerplus-workbook.pdf,"workbook, exercises, admanager plus, provides, admp"
25,ADManager Plus,Anupriya T,admp-marketing@zohocorp.com,Technical Document,POC guide,"It details how ADManager Plus helps IT admins tackle all their AD management challenges, helping save time and simplify AD management.",,Up-to-date,Sep 2024,https://download.manageengine.com/products/ad-manager/admanager-plus-proof-of-concept.pdf,"management, admanager plus, poc, details, admp"
26,ADManager Plus,Anupriya T,admp-marketing@zohocorp.com,Technical Document,VPAT,"The purpose of the Voluntary Product Accessibility Template, or VPAT™, is to
assist Federal contracting officials and other buyers in making preliminary 
assessments regarding the availability of commercial “Electronic and Information
Technology” products and services with features that support accessibility.",,Up-to-date,Mar 2025,https://workdrive.zoho.com/file/v1it9c14b4dacfc2744fd82cd8e8f2e3fdbf6,"purpose, admanager plus, admp, accessibility, vpat"
27,ADManager Plus,Anupriya T,admp-marketing@zohocorp.com,Technical Document,Quick Start Guide for Exchange management and reporting with ADManager Plus,"Provides you the details of system requirements, product installation and start up.",,Up-to-date,Sep 2024,https://download.manageengine.com/products/ad-manager/exchange-management-quick-start-guide.pdf,"exchange, admanager plus, quick, start, admp"
28,ADManager Plus,Anupriya T,admp-marketing@zohocorp.com,Technical Document,Microsoft 365 tenant configuration,"Provides you the details of system requirements, product installation and start up.",,Up-to-date,Sep 2024,https://download.manageengine.com/products/ad-manager/quick-start-microsoft365-management-reporting.pdf,"tenant, admanager plus, microsoft, 365, admp"
29,ADManager Plus,Anupriya T,admp-marketing@zohocorp.com,Technical Document,ME certification training guide,Training material for those who want to take up MECPA or MECPP exams.,,Up-to-date,Sep 2024,https://workdrive.zoho.com/file/5i8xtb9e023955aec451381757c58be5c96b8,"certification, admanager plus, training, admp, material"
30,ADManager Plus,Anupriya T,admp-marketing@zohocorp.com,Technical Document,REST API error codes,List of integration REST API error codes in ADMP and their resolution,,Up-to-date,Sep 2024,https://workdrive.zoho.com/file/stv3k47c461c6a13140599f078086555cc8b3,"error, admanager plus, admp, api, rest"
31,ADManager Plus,Anupriya T,admp-marketing@zohocorp.com,Technical Document,Server migration guide,Steps to move ADManager Plus to a new server.,,Up-to-date,Sep 2024,https://www.manageengine.com/products/ad-manager/admanager-kb/how-to-move-admanager-plus-to-new-server.html,"server, admanager plus, steps, admp, migration"
32,ADManager Plus,Anupriya T,admp-marketing@zohocorp.com,Technical Document,High availability guide,Steps to configure high availability (HA) in ADManager Plus,,Up-to-date,Sep 2024,https://www.manageengine.com/products/ad-manager/admanager-kb/configure-high-availability-in-admanager-Plus.html,"admanager plus, high, steps, admp, availability"
33,ADManager Plus,Anupriya T,admp-marketing@zohocorp.com,Technical Document,Load balancing guide,"Steps to enables  distribution of requests to instances running on other servers, thereby optimizing and providing a better AD management experience.",,Up-to-date,Sep 2024,https://www.manageengine.com/products/ad-manager/help/admin-settings/enterprise-essentials/active-directory-load-balancing.html,"load, admanager plus, balancing, steps, admp"
34,ADManager Plus,Anupriya T,admp-marketing@zohocorp.com,Technical Document,Training agenda,Contains a list of all the items that will be covered duding training,,Up-to-date,Sep 2024,https://download.manageengine.com/sites/meweb/images/training/admanager-training.pdf,"admanager plus, training, contains, admp, agenda"
35,ADManager Plus,Anupriya T,admp-marketing@zohocorp.com,Technical Document,Workshop Agenda,Contains the items that will be covered during workshop,,Up-to-date,Sep 2024,https://writer.zoho.com/writer/open/inx6ye33ab169358240649b2dc84bd9b40564,"admanager plus, contains, admp, workshop, agenda"
36,ADManager Plus,Anupriya T,admp-marketing@zohocorp.com,Technical Document,Pentest report,,,Up-to-date,Sep 2024,https://workdrive.zoho.com/file/ursw3d5b7e65f169743d79cd81d45d82d1e3c,"admp, pentest, report, admanager plus"
37,ADManager Plus,Anupriya T,admp-marketing@zohocorp.com,Technical Document,API Pricing,,,Up-to-date,Sep 2024,https://workdrive.zoho.com/file/p369v6970d7916773449bbd82c56063e9e641,"admp, api, pricing, admanager plus"
38,ADManager Plus,Anupriya T,admp-marketing@zohocorp.com,Comparison document,Comparison document template,This document provides a template to help compare key features of ADManager Plus with competitors.,,Up-to-date,Sep 2024,https://writer.zoho.com/writer/open/d8lbb84503308f80348768dc6c96e2f6d5d49,"comparison, template, admanager plus, provides, admp"
39,ADManager Plus,Anupriya T,admp-marketing@zohocorp.com,Comparison document,ADManager Plus backup and recovery add-on vs RecoveryManager Plus,This document provides a side-by-side comparison of key features of ADManager Plus add on and RecoveryManager Plus.,,Up-to-date,Sep 2024,https://workdrive.zoho.com/file/p0rv9c7d7ec67cab04743a0467f19b8bb1499,"admanager, admanager plus, add, admp, recoverymanager"
40,ADManager Plus,Anupriya T,admp-marketing@zohocorp.com,Comparison document,ADManager Plus vs ADAudit Plus,This document provides a side-by-side comparison of key features of ADManager Plus  and ADAudit Plus.,,Up-to-date,Sep 2024,https://workdrive.zoho.com/file/fcebg429db310724045a3b4b9a0c07d58ed4a,"admanager, adaudit, admanager plus, side, admp"
41,ADManager Plus,Anupriya T,admp-marketing@zohocorp.com,Comparison document,ADManager Plus vs Microsoft365 Manager Plus,This document provides a side-by-side comparison of key features of ADManager Plus  and Microsoft365 Manager Plus.,,Up-to-date,Sep 2024,https://workdrive.zoho.com/file/sovq8c7907bc772924c21a5bd7716e384e6b8,"admanager, microsoft365, admanager plus, side, admp"
42,ADManager Plus,Anupriya T,admp-marketing@zohocorp.com,Comparison document,Microsoft 365 features of ADManager Plus vs Microsoft365 Manager Plus,This document provides a side-by-side comparison of Microsoft 365 management  features of ADManager Plus  and Microsoft365 Manager Plus.,,Up-to-date,October 2024,https://writer.zoho.com/writer/open/g0eatd388f9f8132b4486bba773096fb9d31a,"admanager, admanager plus, microsoft, 365, admp"
43,ADManager Plus,Anupriya T,admp-marketing@zohocorp.com,Comparison document,Adaxes,This document provides a side-by-side comparison of key features of ADManager Plus and Adaxes.,,Up-to-date,Sep 2024,https://workdrive.zoho.com/file/dz9q06a444e7d1d144e61861df9b27c1d3509,"adaxes, admanager plus, side, provides, admp"
44,ADManager Plus,Anupriya T,admp-marketing@zohocorp.com,Comparison document,SailPoint,This document provides a side-by-side comparison of key features of ADManager Plus and SailPoint.,,Up-to-date,Sep 2024,https://workdrive.zoho.com/file/dz9q0ebcf47f3cf254705a89e26b0d9dc5e5b,"sailpoint, admanager plus, side, provides, admp"
45,ADManager Plus,Anupriya T,admp-marketing@zohocorp.com,Comparison document,Quest,This document provides a side-by-side comparison of key features of ADManager Plus and Quest.,,Up-to-date,Sep 2024,https://workdrive.zoho.com/file/dz9q0c4ca527360e94fb2baeb6f30d6dfb5b1,"admanager plus, side, provides, quest, admp"
46,ADManager Plus,Anupriya T,admp-marketing@zohocorp.com,Comparison document,Solarwinds,This document provides a side-by-side comparison of key features of ADManager Plus and Solarwinds ARM.,,Up-to-date,Sep 2024,https://workdrive.zoho.com/file/dz9q04d311f3d361b48eeb92d04d422733c36,"solarwinds, admanager plus, side, provides, admp"
47,ADManager Plus,Anupriya T,admp-marketing@zohocorp.com,Comparison document,CyberArk,This document provides a side-by-side comparison of key features of ADManager Plus and Quest.,,Up-to-date,Sep 2024,https://workdrive.zoho.com/file/t8qs2a8dc80503ef44940890840aca202479a,"admanager plus, side, provides, admp, cyberark"
48,ADManager Plus,Anupriya T,admp-marketing@zohocorp.com,Comparison document,Quest Active Roles,This document provides a side-by-side comparison of key features of ADManager Plus and Quest Active Roles.,,Up-to-date,Sep 2024,https://workdrive.zoho.com/file/fojuncd0ddc3e73914d7389c45fbba2523334,"active, roles, admanager plus, quest, admp"
49,ADManager Plus,Anupriya T,admp-marketing@zohocorp.com,Comparison document,Hyena,This document provides a side-by-side comparison of key features of ADManager Plus and Hyena.,,Up-to-date,Sep 2024,https://workdrive.zoho.com/file/tibtoffcc86e13baf4705b0271f85445dcca0,"hyena, admanager plus, side, provides, admp"
50,ADManager Plus,Anupriya T,admp-marketing@zohocorp.com,Comparison document,Avatier Identity Anywhere,This document provides a side-by-side comparison of key features of ADManager Plus and Avatier Identity Anywhere.,,Up-to-date,Sep 2024,https://workdrive.zoho.com/file/03rh7cad31ebe8610438383c75a16e0cf051f,"avatier, admanager plus, identity, admp, anywhere"
51,ADManager Plus,Anupriya T,admp-marketing@zohocorp.com,Comparison document,Varonis,This document provides a side-by-side comparison of key features of ADManager Plus and Varonis.,,Up-to-date,October 2024,https://workdrive.zoho.com/file/gkdyf1d100ec12fe64dba9aca71548c6e923d,"admanager plus, side, provides, varonis, admp"
52,ADManager Plus,Anupriya T,admp-marketing@zohocorp.com,Comparison document,Native tool comparison (ADMP vs AD),This document provides a side-by-side comparison of key features of ADManager Plus and Native AD tool.,,Up-to-date,Sep 2024,https://workdrive.zoho.com/file/dz9q080b283784f1d4962891a5ccea35651b3,"comparison, native, admanager plus, tool, admp"
53,ADManager Plus,Anupriya T,admp-marketing@zohocorp.com,Comparison document,Comparison document template,This document provides a template to help compare key features of ADManager Plus with competitors.,,Up-to-date,Sep 2024,https://writer.zoho.com/writer/open/d8lbb84503308f80348768dc6c96e2f6d5d49,"comparison, template, admanager plus, provides, admp"
54,ADManager Plus,Anupriya T,admp-marketing@zohocorp.com,Comparison document,ADManager Plus backup and recovery add-on vs RecoveryManager Plus,This document provides a side-by-side comparison of key features of ADManager Plus add on and RecoveryManager Plus.,,Up-to-date,Sep 2024,https://workdrive.zoho.com/file/p0rv9c7d7ec67cab04743a0467f19b8bb1499,"admanager, admanager plus, add, admp, recoverymanager"
55,ADManager Plus,Anupriya T,admp-marketing@zohocorp.com,Comparison document,ADManager Plus vs ADAudit Plus,This document provides a side-by-side comparison of key features of ADManager Plus  and ADAudit Plus.,,Up-to-date,Sep 2024,https://workdrive.zoho.com/file/fcebg429db310724045a3b4b9a0c07d58ed4a,"admanager, adaudit, admanager plus, side, admp"
56,ADManager Plus,Anupriya T,admp-marketing@zohocorp.com,Comparison document,ADManager Plus vs Microsoft365 Manager Plus,This document provides a side-by-side comparison of key features of ADManager Plus  and Microsoft365 Manager Plus.,,Up-to-date,Sep 2024,https://workdrive.zoho.com/file/sovq8c7907bc772924c21a5bd7716e384e6b8,"admanager, microsoft365, admanager plus, side, admp"
57,ADManager Plus,Anupriya T,admp-marketing@zohocorp.com,Comparison document,Microsoft 365 features of ADManager Plus vs Microsoft365 Manager Plus,This document provides a side-by-side comparison of Microsoft 365 management  features of ADManager Plus  and Microsoft365 Manager Plus.,,Up-to-date,October 2024,https://writer.zoho.com/writer/open/g0eatd388f9f8132b4486bba773096fb9d31a,"admanager, admanager plus, microsoft, 365, admp"
58,ADManager Plus,Anupriya T,admp-marketing@zohocorp.com,Comparison document,Adaxes,This document provides a side-by-side comparison of key features of ADManager Plus and Adaxes.,,Up-to-date,Sep 2024,https://workdrive.zoho.com/file/dz9q06a444e7d1d144e61861df9b27c1d3509,"adaxes, admanager plus, side, provides, admp"
59,ADManager Plus,Anupriya T,admp-marketing@zohocorp.com,Comparison document,SailPoint,This document provides a side-by-side comparison of key features of ADManager Plus and SailPoint.,,Up-to-date,Sep 2024,https://workdrive.zoho.com/file/dz9q0ebcf47f3cf254705a89e26b0d9dc5e5b,"sailpoint, admanager plus, side, provides, admp"
60,ADManager Plus,Anupriya T,admp-marketing@zohocorp.com,Comparison document,Quest,This document provides a side-by-side comparison of key features of ADManager Plus and Quest.,,Up-to-date,Sep 2024,https://workdrive.zoho.com/file/dz9q0c4ca527360e94fb2baeb6f30d6dfb5b1,"admanager plus, side, provides, quest, admp"
61,ADManager Plus,Anupriya T,admp-marketing@zohocorp.com,Comparison document,Solarwinds,This document provides a side-by-side comparison of key features of ADManager Plus and Solarwinds ARM.,,Up-to-date,Sep 2024,https://workdrive.zoho.com/file/dz9q04d311f3d361b48eeb92d04d422733c36,"solarwinds, admanager plus, side, provides, admp"
62,ADManager Plus,Anupriya T,admp-marketing@zohocorp.com,Comparison document,CyberArk,This document provides a side-by-side comparison of key features of ADManager Plus and Quest.,,Up-to-date,Sep 2024,https://workdrive.zoho.com/file/t8qs2a8dc80503ef44940890840aca202479a,"admanager plus, side, provides, admp, cyberark"
63,ADManager Plus,Anupriya T,admp-marketing@zohocorp.com,Comparison document,Quest Active Roles,This document provides a side-by-side comparison of key features of ADManager Plus and Quest Active Roles.,,Up-to-date,Sep 2024,https://workdrive.zoho.com/file/fojuncd0ddc3e73914d7389c45fbba2523334,"active, roles, admanager plus, quest, admp"
64,ADManager Plus,Anupriya T,admp-marketing@zohocorp.com,Comparison document,Hyena,This document provides a side-by-side comparison of key features of ADManager Plus and Hyena.,,Up-to-date,Sep 2024,https://workdrive.zoho.com/file/tibtoffcc86e13baf4705b0271f85445dcca0,"hyena, admanager plus, side, provides, admp"
65,ADManager Plus,Anupriya T,admp-marketing@zohocorp.com,Comparison document,Avatier Identity Anywhere,This document provides a side-by-side comparison of key features of ADManager Plus and Avatier Identity Anywhere.,,Up-to-date,Sep 2024,https://workdrive.zoho.com/file/03rh7cad31ebe8610438383c75a16e0cf051f,"avatier, admanager plus, identity, admp, anywhere"
66,ADManager Plus,Anupriya T,admp-marketing@zohocorp.com,Comparison document,Varonis,This document provides a side-by-side comparison of key features of ADManager Plus and Varonis.,,Up-to-date,October 2024,https://workdrive.zoho.com/file/gkdyf1d100ec12fe64dba9aca71548c6e923d,"admanager plus, side, provides, varonis, admp"
67,ADManager Plus,Anupriya T,admp-marketing@zohocorp.com,Comparison document,Native tool comparison (ADMP vs AD),This document provides a side-by-side comparison of key features of ADManager Plus and Native AD tool.,,Up-to-date,Sep 2024,https://workdrive.zoho.com/file/dz9q080b283784f1d4962891a5ccea35651b3,"comparison, native, admanager plus, tool, admp"
68,ADManager Plus,Anupriya T,admp-marketing@zohocorp.com,Presentation,Risk Assessment,PPT on Risk Assessment,,Up-to-date,Dec 2024,https://www.manageengine.com/products/ad-manager/admanager-plus-identity-risk-assessment.pptx,"assessment, risk, admanager plus, ppt, admp"
69,ADManager Plus,Anupriya T,admp-marketing@zohocorp.com,Presentation,Access Certification Campaign,PPT on Access Certification Campaign,,Up-to-date,Dec 2024,https://www.manageengine.com/products/ad-manager/access-certification-campaign.pptx,"certification, access, campaign, admanager plus, admp"
70,ADManager Plus,Anupriya T,admp-marketing@zohocorp.com,Presentation,Integrations,PPT on Integrations,,Up-to-date,Dec 2024,https://www.manageengine.com/products/ad-manager/streamline-identity-management-using-admanager-plus.pptx,"admp, integrations, ppt, admanager plus"
71,ADManager Plus,Anupriya T,admp-marketing@zohocorp.com,Presentation,Reporting,PPT on Reporting,,Up-to-date,Dec 2024,https://www.manageengine.com/products/ad-manager/admanager-plus-reports-slide-deck.pptx,"admp, reporting, ppt, admanager plus"
72,ADManager Plus,Anupriya T,admp-marketing@zohocorp.com,Presentation,Management,PPT on Management,,Up-to-date,Dec 2024,https://www.manageengine.com/products/ad-manager/admp-management-presentation.pptx,"admp, management, ppt, admanager plus"
73,ADManager Plus,Anupriya T,admp-marketing@zohocorp.com,Presentation,Automation/Orchestration,PPT on Automation/Orchestration,,Up-to-date,Dec 2024,https://www.manageengine.com/products/ad-manager/automate-and-simplify-identity-management.pptx,"automation, admanager plus, orchestration, ppt, admp"
74,ADManager Plus,Anupriya T,admp-marketing@zohocorp.com,Presentation,Workflow and Delegation,PPT on Workflow and Delegation,,Up-to-date,Dec 2024,https://www.manageengine.com/products/ad-manager/admanager-plus-workflow-and-delegation.pptx,"delegation, workflow, admanager plus, ppt, admp"
75,ADManager Plus,Anupriya T,admp-marketing@zohocorp.com,Presentation,Migration,PPT on Migration,,Up-to-date,Dec 2024,https://www.manageengine.com/products/ad-manager/simplify-your-active-directory-migrations.pptx,"admp, migration, ppt, admanager plus"
76,ADManager Plus,Anupriya T,admp-marketing@zohocorp.com,Presentation,Overview,PPT on ADManager Plus overview,,Up-to-date,Dec 2024,https://www.manageengine.com/products/ad-manager/admanager-overview-new.pdf,"admanager, overview, admanager plus, ppt, admp"
77,ADManager Plus,Anupriya T,admp-marketing@zohocorp.com,Case study,Case study on Sentient Flight Group.,"Challenge: The challenge of integrating the two separate Domain Servers into one company wide, cohesive Domain without compromising with the accuracy of data was a crucial task for Sentient Flight Group.

Features: Reports, user creation and modification module and the ability to access and manage multiple domain servers",,Up-to-date,February 2024,https://www.manageengine.com/products/ad-manager/case-study/sentient-flight-group-case-study.html,"domain, admanager plus, flight, admp, sentient"
78,ADManager Plus,Anupriya T,admp-marketing@zohocorp.com,Case study,Case study on InterGlobe Enterprises,"Challenge: security and access issues, 

Feature: Reports",,Up-to-date,,https://www.manageengine.com/products/ad-manager/case-study/admanager-plus-helps-interglobe-enterprises-with-ad-and-file-permissions-reporting.html,"study, case, interglobe, admanager plus, admp"
79,ADManager Plus,Anupriya T,admp-marketing@zohocorp.com,Case study,Case study on iLending Direct,"Challenge: User onboarding and offboarding

Feature: Automation",,Up-to-date,,https://www.manageengine.com/products/ad-manager/case-study/ad-automation-and-reporting-helps-ilending.html,"study, case, ilending, admanager plus, admp"
80,ADManager Plus,Anupriya T,admp-marketing@zohocorp.com,Case study,Case study on Libro Financial Group,"Challenge: Security and risk management

Feature: Reports",,Up-to-date,February 2024,https://www.manageengine.com/products/ad-manager/case-study/case-study-libro.html,"study, case, admanager plus, admp, libro"
81,ADManager Plus,Anupriya T,admp-marketing@zohocorp.com,Case study,Case study on American Insurance Association,"Challenge: Complexity of Active Directory implied AD management required technical expertise.

Feature: Reports and management",,Up-to-date,,https://www.manageengine.com/products/ad-manager/american-insurance-association-case-study.pptx,"study, case, management, admanager plus, admp"
82,ADManager Plus,Anupriya T,admp-marketing@zohocorp.com,Case study,Case study on Al-Ahli Bank,"Challenge:  Unused accounts being left dormant

Feature: Management and reports",,Up-to-date,February 2024,https://www.manageengine.com/products/ad-manager/case-study/case-study-abkuwait.html,"study, case, admanager plus, admp, ahli"
83,ADManager Plus,Anupriya T,admp-marketing@zohocorp.com,Case study,Case study on Ensurem,"Challenge: User onboarding and offboarding

Feature: Automation",,Up-to-date,February 2024,https://www.manageengine.com/products/ad-manager/case-study/user-onboarding-and-offboarding-made-easy-for-ensurem-with-admanager-plus.html,"study, case, admanager plus, ensurem, admp"
84,ADManager Plus,Anupriya T,admp-marketing@zohocorp.com,Case study,Case study on Abu Dhabi Vocational Education and Training Institute,"Challenge: Student account management

Feature: Templates",,Up-to-date,,https://www.manageengine.com/products/ad-manager/case-study/active-directory-student-account-management-made-easy-for-adveti.html,"study, case, admanager plus, abu, admp"
85,ADManager Plus,Anupriya T,admp-marketing@zohocorp.com,Case study,"Case study on MVSD School, Pennsylvania","Challenge: Student account management

Feature: Bulk user creation",,Up-to-date,February 2024,https://www.manageengine.com/products/ad-manager/case-study/case-study-active-directory-management-reporting-educational-domain.html,"study, case, admanager plus, mvsd, admp"
86,ADManager Plus,Anupriya T,admp-marketing@zohocorp.com,Case study,"Case study on Grand Prairie Independent School District, Texas","Challenge: Delegating authority to campus mentors to change passwords.

Feature: Help desk delegation",,Up-to-date,February 2024,https://www.manageengine.com/products/ad-manager/case-study/case-study-helpdesk-delegation-for-gpisd.html,"study, grand, case, admanager plus, admp"
87,ADManager Plus,Anupriya T,admp-marketing@zohocorp.com,Case study,"Case study on College Montmorency, Quebec, Canada","Challenge: Student account management

Feature: Bulk User Import & Templates",,Up-to-date,February 2024,https://www.manageengine.com/products/ad-manager/case-study/templates-bulk-management-for-montmorency.html,"study, college, case, admanager plus, admp"
88,ADManager Plus,Anupriya T,admp-marketing@zohocorp.com,Case study,Case study on Warsaw City Hall,"Challenges:

- transfer of minor administrative tasks in AD to administrators of individual business areas of the city
- transfer management of passwords and data in AD to helpdesk technicians or users themselves
- notifying users about the impending expiry of the password in AD
- the possibility of self-change passwords and unlock user accounts
- the possibility of self-editing of user data in AD
- the possibility of auditing changes in AD, including in groups and - administrative units
- the ability to quickly identify the source of attack if break in to the domain is detected
- Polish user interface

Solution:

ADManager Plus
ADAudit Plus
ADSelfService Plus",,Up-to-date,February 2024,https://www.manageengine.com/products/ad-manager/case-study/case-study-the-warsaw-city-hall.html,"user, possibility, admanager plus, admp, city"
89,ADManager Plus,Anupriya T,admp-marketing@zohocorp.com,Case study,"Case study on ICT Services, Herleen","Challenges:

- Generate reports on all AD objects
- Identify disabled users in AD
- Isolate unused groups, GPOs, etc.

Feature: Reports",,Up-to-date,February 2024,https://www.manageengine.com/products/ad-manager/case-study/case-study-herleen.html,"study, reports, case, admanager plus, admp"
90,ADManager Plus,Anupriya T,admp-marketing@zohocorp.com,Case study,"Case study on Enfield, Connecticut","Challenge: User creation in AD and Microsoft 365

Feature: Bulk user creation",,Up-to-date,,https://www.manageengine.com/products/ad-manager/case-study/bulk-user-creation-feature-helps-the-city-of-enfield.html,"user, creation, case, admanager plus, admp"
91,ADManager Plus,Anupriya T,admp-marketing@zohocorp.com,Case study,Case study on Riverside County IT,"Challenge: User creation

Feature: Bulk user creation",,Up-to-date,,https://www.manageengine.com/products/ad-manager/case-study/ad-account-provisioning-and-reporting-made-easy-for-riverside-county.html,"user, creation, case, admanager plus, admp"
92,ADManager Plus,Anupriya T,admp-marketing@zohocorp.com,Case study,"Case study on Southwest Human Development, Arizona","Challenge: User creation in Microsoft 365

Feature: Bulk user creation",,Up-to-date,February 2024,https://www.manageengine.com/products/ad-manager/case-study/case-study-southwest-human-development-effortlessly-provisions-office-365-user-accounts.html,"user, creation, case, admanager plus, admp"
93,ADManager Plus,Anupriya T,admp-marketing@zohocorp.com,Case study,"Case study on Medical Center, Brooklyn, USA.","Challenge: HIPAA compliance

Feature: Reports and management",,Up-to-date,February 2024,https://www.manageengine.com/products/ad-manager/case-study/health-care-hipaa-compliance-case-study.html,"study, case, medical, admanager plus, admp"
94,ADManager Plus,Anupriya T,admp-marketing@zohocorp.com,Case study,"Case study on VCA, Connecticut, United States","Challenge: User creation 

Feature: Bulk user creation",,Up-to-date,,https://www.manageengine.com/products/ad-manager/case-study/ad-account-provisioning-and-reporting-helps-vca-animal-hospitals.html,"user, creation, case, admanager plus, admp"
95,ADManager Plus,Anupriya T,admp-marketing@zohocorp.com,Case study,"Case study on Vitel A.S., Turkey","Challenge: Routine AD tasks

Feature: Automation",,Up-to-date,,https://www.manageengine.com/products/ad-manager/case-study/case-study-of-vitel-as-for-active-directory-management.html,"vitel, study, case, admanager plus, admp"
96,ADManager Plus,Anupriya T,admp-marketing@zohocorp.com,Case study,Case study on eknow.net,"Challenge: The billing process

Feature: Reports",,Up-to-date,February 2024,https://www.manageengine.com/products/ad-manager/case-study/case-study-active-directory-user-reports-tool-for-MSP-domain.html,"study, case, admanager plus, admp, eknow"
97,ADManager Plus,Anupriya T,admp-marketing@zohocorp.com,Case study,Case study on American Customer Care Inc,"Challenge: PCI Data Security Standards

Feature: Reports and management",,Up-to-date,February 2024,https://www.manageengine.com/products/ad-manager/case-study/case-study-pci-compliance.html,"study, case, admanager plus, american, admp"
98,ADManager Plus,Anupriya T,admp-marketing@zohocorp.com,Case study,Case study on Thomas cook,"Challenge: Fetching reports from AD took our IT people a lot of time

Feature: Reports",,Up-to-date,,https://www.manageengine.com/products/ad-manager/thomas-cook-case-study.pptx,"study, reports, case, admanager plus, admp"
99,ADManager Plus,Anupriya T,admp-marketing@zohocorp.com,Case study,"Case study on Keolis, United States","Challenge: Fetching reports using PowerShell

Feature: Reports",,Up-to-date,,https://www.manageengine.com/products/ad-manager/case-study/admanager-plus-makes-ad-reporting-easy-for-keolis.html,"study, reports, case, admanager plus, admp"
100,ADManager Plus,Anupriya T,admp-marketing@zohocorp.com,Case study,"Case study on Eby Brown, Napersville, IL.","Challenge: Delegation of management tasks

Feature: Help desk delegation",,Up-to-date,February 2024,https://www.manageengine.com/products/ad-manager/case-study/case-study-active-directory-delegate-rights-reporting-tool-for-eby.html,"study, delegation, case, admanager plus, admp"
101,ADManager Plus,Anupriya T,admp-marketing@zohocorp.com,Case study,"Case study on Groupe Atlantic, United Kingdom Division, La Roche-sur-Yon, France","Challenge: Routine AD tasks

Feature: Automation, workflow",,Up-to-date,,https://www.manageengine.com/products/ad-manager/case-study/groupe-atlantic-automates-ad-tasks-with-ad-manager-plus.html,"study, case, admanager plus, groupe, admp"
102,ADManager Plus,Anupriya T,admp-marketing@zohocorp.com,Case study,"Case study on Anacomp, San Diego, CA.","Challenge: Customer security and availability

Feature: Reports and management",,Up-to-date,February 2024,https://www.manageengine.com/products/ad-manager/case-study/case-study-anacomp.html,"study, anacomp, case, admanager plus, admp"
103,ADManager Plus,Anupriya T,admp-marketing@zohocorp.com,Case study,Case study on Belden,"Challenge: Used legacy Active Directory (AD) tools

Feature: Automation",,Up-to-date,January 2024,https://www.manageengine.com/products/ad-manager/case-study/admanager-plus-helps-belden-to-automate-ad-tasks.html,"study, case, admanager plus, belden, admp"
104,ADManager Plus,Anupriya T,admp-marketing@zohocorp.com,Case study,Case study on AAA Life,"Challenge: Customize its user account management process 

Feature: Bulk user provisioning and automation",,Up-to-date,January 2024,https://www.manageengine.com/products/ad-manager/case-study/aaa-life-simplifies-ad-user-provisioning-with-admanager-plus.html,"study, user, case, admanager plus, admp"
105,ADManager Plus,Anupriya T,admp-marketing@zohocorp.com,Case study,Case study on Rack room shoes,"Challenge:  Bulk import over 5000 users and manage them on a regular basis using CSV files.

Feature: Automation",,Up-to-date,January 2024,https://www.manageengine.com/products/ad-manager/case-study/bulk-user-management-made-easy-for-rack-room-shoes-with-admanager-plus.html,"study, case, rack, admanager plus, admp"
106,ADManager Plus,Anupriya T,admp-marketing@zohocorp.com,Case study,Case study on Central Bank,"Challenge: Using Powershell scripts to provision users.

Feature: Automation",,Up-to-date,January 2024,https://www.manageengine.com/products/ad-manager/case-study/central-bank-simplifies-their-routine-process-with-admanager-plus.html,"study, case, central, admanager plus, admp"
107,ADManager Plus,Anupriya T,admp-marketing@zohocorp.com,Case study,Case study on The Mott Community College,"Challenge: 
- Manual user creation and password reset processes.
- Burden on the IT team due to custom code that required constant middleware maintenance.
- Difficulty in managing users across Google Workspace and Active Directory platforms.

Feature: Reports",,Up-to-date,January 2024,https://www.manageengine.com/products/ad-manager/case-study/ad-user-management-made-easy-for-mott-community-college-with-admanager-plus.html,"study, mott, case, admanager plus, admp"
108,ADManager Plus,Anupriya T,admp-marketing@zohocorp.com,Case study,Case study on Accreditation Commission for Health Care (ACHC),"Challenge: 
- User management
- Provisioning 
- Routine tasks

Feature: Automation",,Up-to-date,January 2024,https://www.manageengine.com/products/ad-manager/case-study/accreditation-commission-for-health-care-automates-ad-user-management-using-admanager-plus.html,"study, case, admanager plus, admp, accreditation"
109,ADManager Plus,Anupriya T,admp-marketing@zohocorp.com,Case study,Case study on ImmunoTek,"Challenge: Security and risk management

Feature: Reports",,Up-to-date,January 2024,https://www.manageengine.com/products/ad-manager/case-study/immunotek-automates-ad-user-provisioning-using-admanager-plus.html,"study, case, admanager plus, admp, immunotek"
110,ADManager Plus,Anupriya T,admp-marketing@zohocorp.com,Case study,Case study on Cashmere Valley Bank,"Challenge: Complexity of Active Directory implied AD management required technical expertise.

Feature: Reports and management",,Up-to-date,January 2024,https://www.manageengine.com/products/ad-manager/case-study/ad-automation-and-reporting-made-easy-for-cashmere-valley-bank-with-admanager-plus.html,"study, case, management, admanager plus, admp"
111,ADManager Plus,Anupriya T,admp-marketing@zohocorp.com,Case study,Case study on Bishop Alemany school,"Challenge:  Unused accounts being left dormant

Feature: Management and reports",,Up-to-date,January 2024,https://www.manageengine.com/products/ad-manager/case-study/bishop-alemany-school-automates-routine-ad-tasks-using-admanager-plus.html,"study, case, admanager plus, admp, bishop"
112,ADManager Plus,Anupriya T,admp-marketing@zohocorp.com,Case study,Case study on Ilumed success,"Challenge: User onboarding and offboarding

Feature: Automation",,Up-to-date,January 2024,https://www.manageengine.com/products/ad-manager/case-study/ilumed-enhances-ad-security-and-compliance-using-admanager-plus.html,"study, case, admanager plus, admp, ilumed"
113,ADManager Plus,Anupriya T,admp-marketing@zohocorp.com,Case study,Case study on City of Roanoke,"Challenge: Student account management

Feature: Templates",,Up-to-date,January 2024,https://www.manageengine.com/products/ad-manager/case-study/city-of-roanoke-automates-ad-user-management-using-admanager-plus.html,"study, case, admanager plus, admp, city"
114,ADManager Plus,Anupriya T,admp-marketing@zohocorp.com,Case study,Case study on Penn National Insurance,"Challenge: Student account management

Feature: Bulk user creation",,Up-to-date,January 2024,https://www.manageengine.com/products/ad-manager/case-study/penn-national-insurance-improves-ad-management-and-compliance-using-admanager-plus.html,"study, penn, case, admanager plus, admp"
115,ADManager Plus,Anupriya T,admp-marketing@zohocorp.com,Case study,Case study on Columbia Bank,"Challenge: Delegating authority to campus mentors to change passwords.
Feature: Help desk delegation",,Up-to-date,January 2024,https://www.manageengine.com/products/ad-manager/case-study/first-colombia-bank-streamlines-ad-delegation-using-admanager-plus.html,"study, columbia, case, admanager plus, admp"
116,ADManager Plus,Anupriya T,admp-marketing@zohocorp.com,Case study,Case study on Belcan,"Challenge: Student account management

Feature: Bulk User Import & Templates",,Up-to-date,January 2024,https://www.manageengine.com/products/ad-manager/case-study/belcan-solves-ad-user-and-group-management-challenges-using-admanager-plus.html,"study, belcan, case, admanager plus, admp"
117,ADManager Plus,Anupriya T,admp-marketing@zohocorp.com,Case study,Case study on Mansfield ISD,"Challenges:

- transfer of minor administrative tasks in AD to administrators of individual business areas of the city
- transfer management of passwords and data in AD to helpdesk technicians or users themselves
- notifying users about the impending expiry of the password in AD
- the possibility of self-change passwords and unlock user accounts
- the possibility of self-editing of user data in AD
- the possibility of auditing changes in AD, including in groups and - administrative units
- the ability to quickly identify the source of attack if break in to the domain is detected
- Polish user interface

Solution:

ADManager Plus
ADAudit Plus
ADSelfService Plus",,Up-to-date,January 2024,https://www.manageengine.com/products/ad-manager/case-study/mansfield-isd-solves-ad-management-challenges-using-admanager-plus.html,"user, possibility, admanager plus, admp, transfer"
118,ADManager Plus,Anupriya T,admp-marketing@zohocorp.com,Case study,Case study on Essentia Health,"Challenges:

- Generate reports on all AD objects
- Identify disabled users in AD
- Isolate unused groups, GPOs, etc.

Feature: Reports",,Up-to-date,January 2024,https://www.manageengine.com/products/ad-manager/case-study/essentia-health-streamlines-active-directory-cleanup-using-admanager-plus.html,"study, reports, case, admanager plus, admp"
119,ADManager Plus,Anupriya T,admp-marketing@zohocorp.com,Case study,Case study on Automobile Club of Southern California,"Challenge: User creation in AD and Microsoft 365

Feature: Bulk user creation",,Up-to-date,January 2024,https://www.manageengine.com/products/ad-manager/case-study/automobile-club-of-southern-california-facilitates-ad-management-and-reporting-with-admanager-plus.html,"user, creation, case, admanager plus, admp"
120,ADManager Plus,Anupriya T,admp-marketing@zohocorp.com,Case study,Case study on Ping,"Challenge: User creation

Feature: Bulk user creation",,Up-to-date,January 2024,https://www.manageengine.com/products/ad-manager/case-study/ping-streamlines-ad-user-management-using-admanager-plus.html,"user, creation, case, admanager plus, admp"
121,ADManager Plus,Anupriya T,admp-marketing@zohocorp.com,Video,How to enable custom HCM integration in ADManager Plus,,,To be updated,December 2022,https://youtu.be/Wl2-Or_wwMg,"admanager plus, custom, admp, enable, hcm"
122,ADManager Plus,Anupriya T,admp-marketing@zohocorp.com,Video,Group management video,,,To be updated,May 2023,https://www.youtube.com/watch?v=RJRvgvTZFLs,"video, management, admanager plus, group, admp"
123,ADManager Plus,Anupriya T,admp-marketing@zohocorp.com,Video,Access certification video,,,Up-to-date,1 November 2023,https://youtu.be/5BRAGVFDYso,"video, certification, access, admanager plus, admp"
124,ADManager Plus,Anupriya T,admp-marketing@zohocorp.com,Solution brief,Integrating HCM applications with ADManager Plus,Provides steps to integrate HCM solution with ADManager Plus.,,To be updated,,https://download.manageengine.com/products/ad-manager/integrating-hcm-applications-with-admanager-plus.pdf,"admanager, integrating, admanager plus, admp, hcm"
125,ADManager Plus,Anupriya T,admp-marketing@zohocorp.com,Solution brief,A complete solution guide for automated user account provisioning in AD and cloud environments,"A detailed guide on atuomating user provisioning in AD and cloud. Includes uses cases and steps to use user creation templates, automation, workflow and HCM integration.",,To be updated,,https://www.manageengine.com/products/ad-manager/automated-user-account-provisioning-in-ad-and-cloud-environments.pdf,"user, provisioning, admanager plus, cloud, admp"
126,ADManager Plus,Anupriya T,admp-marketing@zohocorp.com,Solution brief,Business workflow for Active Directory,This document explains how workflow functions in ADManager Plus and steps to use it.,,To be updated,,https://www.manageengine.com/products/ad-manager/active-directory-business-workflow-guide.html,"active, business, workflow, admanager plus, admp"
127,ADManager Plus,Anupriya T,admp-marketing@zohocorp.com,Solution brief,Custom reports for Active Directory,"This document explains how to:

- Filter data to narrow their results based on their exact requirements.
- Create reports that include custom attributes in their Active Directory (AD).
- Build reports based on LDAP queries.
- Perform management actions from custom reports.",,To be updated,,https://www.manageengine.com/products/ad-manager/custom-reports-for-active-directory.html,"reports, active, admanager plus, custom, admp"
128,ADManager Plus,Anupriya T,admp-marketing@zohocorp.com,Solution brief,Office 365 user provisioning,Provides the steps to provision Microsoft 365 users using ADManager Plus.,,To be updated,,https://www.manageengine.com/products/ad-manager/office365-user-provisioning-guide.html,"office, user, admanager plus, 365, admp"
129,ADManager Plus,Anupriya T,admp-marketing@zohocorp.com,Solution brief,Office 365 user reports,Provides the steps to generate Microsoft 365 reports.,,To be updated,,https://www.manageengine.com/products/ad-manager/office365-user-reports-guide.html,"office, reports, admanager plus, 365, admp"
130,ADManager Plus,Anupriya T,admp-marketing@zohocorp.com,Solution brief,Office 365 management guide: License management,Provides the steps for effective Microsoft 365 license management.,,To be updated,,https://www.manageengine.com/products/ad-manager/office365-license-management-guide.html,"management, admanager plus, 365, admp, license"
131,ADManager Plus,Anupriya T,admp-marketing@zohocorp.com,Solution brief,Office 365 group reports guide,Provides the steps to generate Microsoft 365 groups reports.,,To be updated,,https://www.manageengine.com/products/ad-manager/office365-group-reports-guide.html,"office, reports, admanager plus, 365, admp"
132,ADManager Plus,Anupriya T,admp-marketing@zohocorp.com,Solution brief,Office 365 license reports guide,Provides the steps to generate Microsoft 365 license reports.,,To be updated,,https://www.manageengine.com/products/ad-manager/office365-license-reports-guide.html,"reports, admanager plus, 365, admp, license"
133,ADManager Plus,Anupriya T,admp-marketing@zohocorp.com,Solution brief,Active Directory linked mailbox guide,Provides the steps to create a linked mailbox in ADManager Plus using the mailbox management option.,,To be updated,,https://www.manageengine.com/products/ad-manager/active-directory-linked-mailbox-guide.html,"active, mailbox, admanager plus, linked, admp"
134,ADManager Plus,Anupriya T,admp-marketing@zohocorp.com,Solution brief,Simplified GPO management,Provides the steps to create and manage GPOs using ADManager Plus. Includes tips for GPO links management.,,To be updated,,https://www.manageengine.com/products/ad-manager/gpo-management-guide.html,"simplified, management, admanager plus, admp, gpo"
135,ADManager Plus,Anupriya T,admp-marketing@zohocorp.com,Solution brief,Manage Active Directory operations more easily and efficiently than with ADUC or PowerShell,Explains why ADManager Plus is much efficient than ADUC and PowerShell.,,To be updated,,https://www.manageengine.com/products/ad-manager/admanager-plus-over-native-or-powershell.pdf,"aduc, manage, admanager plus, admp, powershell"
136,ADManager Plus,Anupriya T,admp-marketing@zohocorp.com,Solution brief,Active Directory custom reporting with ADManager Plus,Provides the steps to create custom reports in ADManager Plus.,,To be updated,,https://www.manageengine.com/products/ad-manager/active-directory-custom-reporting-solution.html,"admanager, active, admanager plus, custom, admp"
137,ADManager Plus,Anupriya T,admp-marketing@zohocorp.com,Solution brief,Active Directory custom reporting with ADManager Plus,Provides the steps to create custom reports in ADManager Plus.,,To be updated,,https://download.manageengine.com/products/ad-manager/an-essential-guide-to-creating-custom-reports-using-admanager-plus.pdf,"admanager, active, admanager plus, custom, admp"
138,ADManager Plus,Anupriya T,admp-marketing@zohocorp.com,Solution brief,Enhanced security through GPO reports in ADManager Plus,Provides the steps to clear empty and unused GPOs and explains why it is a crucial step in improving organization's security.,,To be updated,,https://workdrive.zoho.com/file/4y23y77c4d74d9b484e169c63d99f07a5db39,"enhanced, admanager plus, admp, gpo, security"
139,ADManager Plus,Anupriya T,admp-marketing@zohocorp.com,Solution brief,Finding a GPO's administrative template setting using quick search,Provides the steps to search and edit Administrative Template settings using ADManager Plus.,,To be updated,,https://www.manageengine.com/products/ad-manager/find-gpo-administrative-template-setting.html,"using, template, admanager plus, administrative, admp"
140,ADManager Plus,Anupriya T,admp-marketing@zohocorp.com,E-book or guide,5 Pain Points in AD user account management and how to overcome them,"In this e-book, we will discuss:
Five common AD user management pain points
How to overcome these pain points the easy way
One-stop solution to all your AD user management needs",,Up-to-date,,5 Pain Points in AD user account management and how to overcome them,"user, admanager plus, points, admp, pain"
141,ADManager Plus,Anupriya T,admp-marketing@zohocorp.com,E-book or guide,Simple ways to drastically cut down Active Directory administration costs,"In this e-book, we will discuss:
How the challenges in the IT landscape have evolved in recent years
Why force-fitting native AD tools to tackle today's IT challenges is expensive
The costs associated with performing simple AD management tasks using native tools
How to drastically cut down Active Directory administration costs",,Up-to-date,,Simple ways to drastically cut down Active Directory administration costs,"drastically, admanager plus, costs, simple, admp"
142,ADManager Plus,Anupriya T,admp-marketing@zohocorp.com,E-book or guide,5 Active Directory management challenges of 2021 and how to overcome them,"In this e-book, we'll discuss:
Predictions by Gartner and Forrester on IT management trends post-COVID-19
5 AD management challenges IT admins will likely face in 2021
How to overcome these challenges using ADManager Plus",,Up-to-date,,5 Active Directory management challenges of 2021 and how to overcome them,"management, challenges, admanager plus, admp, 2021"
143,ADManager Plus,Anupriya T,admp-marketing@zohocorp.com,E-book or guide,5 tell-tale signs you're heading for a compliance violation,This resources elaborates 5 signs that may lead to compliance violation and ways to meet them using ADManager Plus,,Up-to-date,,5 tell-tale signs you're heading for a compliance violation,"compliance, admanager plus, signs, admp, violation"
144,ADManager Plus,Anupriya T,admp-marketing@zohocorp.com,E-book or guide,Busted: Three Identity management myths,This infographic busts three identity management myths.,,Up-to-date,,Busted: Three Identity management myths,"three, management, admanager plus, identity, admp"
145,ADManager Plus,Anupriya T,admp-marketing@zohocorp.com,E-book or guide,The ultimate AD change management game plan,This e-book shows a few ways to leverage ADManager Plus to manage changes proactively.,,Up-to-date,,The ultimate AD change management game plan,"ultimate, management, admanager plus, admp, change"
146,ADManager Plus,Anupriya T,admp-marketing@zohocorp.com,E-book or guide,5 reasons why you need to automate IAM process -,This e-books gives 5 reasons why IAM must be automated and ways to achieve them.,,Up-to-date,,5 reasons why you need to automate IAM process -,"iam, admanager plus, reasons, admp, need"
147,ADManager Plus,Anupriya T,admp-marketing@zohocorp.com,E-book or guide,Active Directory mistakes that can ruin your enterprise's security efforts,This resource describes the top five mistakes in AD management that are too costly to ignore along with ADManager Plus' solution for each of them.,,Up-to-date,,Active Directory mistakes that can ruin your enterprise's security efforts,"active, directory, mistakes, admanager plus, admp"
148,ADManager Plus,Anupriya T,admp-marketing@zohocorp.com,E-book or guide,5 Active Directory management concerns ADManager Plus can solve -,"This document highlights how ADManager Plus, our Active Directory management and reporting solution, can help you handle the challenges that come along with Active Directory (AD) management.",,Up-to-date,,5 Active Directory management concerns ADManager Plus can solve -,"active, directory, management, admanager plus, admp"
149,ADManager Plus,Anupriya T,admp-marketing@zohocorp.com,E-book or guide,3 reasons why ADManager Plus is the go-to tool for enterprise AD management.,This document highlights three reasons why ADManager Plus is the go-to tool for enterprise Active Directory management,,To be updated,,3 reasons why ADManager Plus is the go-to tool for enterprise AD management.,"admanager, admanager plus, tool, reasons, admp"
150,ADManager Plus,Anupriya T,admp-marketing@zohocorp.com,E-book or guide,ADManager Plus for educational institutions,This document highlights how ADManager Plus can lighten the burden of IT administrators in educational institutions.,,Up-to-date,,ADManager Plus for educational institutions,"admanager, admanager plus, admp, educational, institutions"
151,ADManager Plus,Anupriya T,admp-marketing@zohocorp.com,E-book or guide,ADManager Plus helps you do what PowerShell doesn't,This document highlights the functionalities of ADManager Plus that cannot be performed with PowerShell.,,To be updated,,ADManager Plus helps you do what PowerShell doesn't,"admanager, helps, admanager plus, admp, powershell"
152,ADManager Plus,Anupriya T,admp-marketing@zohocorp.com,E-book or guide,A complete solution guide for automated user account provisioning in AD and cloud environments,"In this e-book, we discuss how you can cut costs and optimize time spent on provisioning by:
-Integrating your HR database and HCM solution with AD and cloud platforms.
- Using standardized templates pre-populated with common attributes.
- Configuring review-approval workflows for automating user provisioning.
- Delegating user management tasks to non-admins.
- Orchestrating user offboarding tasks for users that have left the organization.",,Up-to-date,,A complete solution guide for automated user account provisioning in AD and cloud environments,"user, provisioning, admanager plus, admp, solution"
153,ADManager Plus,Anupriya T,admp-marketing@zohocorp.com,E-book or guide,Provisioning and deprovisioning users efficiently in hybrid Active Directory,"In this white paper, you'll learn how to:
- Seamlessly provision multiple users across platforms in hybrid AD from a single console.
- Disable and deprovision user accounts, revoke licenses, and remove user associated files. 
- Ensure security, consistency, and efficiency while performing routine administration tasks.",,Up-to-date,,Provisioning and deprovisioning users efficiently in hybrid Active Directory,"user, hybrid, admanager plus, admp, users"
154,ADManager Plus,Anupriya T,admp-marketing@zohocorp.com,E-book or guide,Effective User Life Cycle Management in Active Directory,This is an infographic on AD user management.,,Up-to-date,,Effective User Life Cycle Management in Active Directory,"user, management, admanager plus, admp, effective"
155,ADManager Plus,Anupriya T,admp-marketing@zohocorp.com,E-book or guide,Effective User Life Cycle Management in Active Directory,"In this white paper, you will learn the effective ways in which you can handle uder life cycle management in AD",,Up-to-date,,Effective User Life Cycle Management in Active Directory,"life, admanager plus, admp, effective, cycle"
156,ADManager Plus,Anupriya T,admp-marketing@zohocorp.com,E-book or guide,ADManager Plus Does What ADUC and PowerShell Can't,"In this white paper, you will learn about how ADManager helps you perform script-free management of AD",,Up-to-date,,ADManager Plus Does What ADUC and PowerShell Can't,"admanager, aduc, admanager plus, admp, powershell"
157,ADManager Plus,Anupriya T,growth-marketing@zohocorp.com,Case study,Case study on Luna Space Telecommunication Co Ltd,Case study on Luna Space Telecommunication Co Ltd,,Up-to-date,2025,https://www.manageengine.com/active-directory-360/manage-and-protect-identities/case-studies/skyband-and-admanager-plus.html,"study, luna, case, admanager plus, admp"
158,ADManager Plus,Anupriya T,growth-marketing@zohocorp.com,Case study,Case study on Hocking Athens Perry County Community Action,Case study on Hocking Athens Perry County Community Action,,Up-to-date,2024,https://www.manageengine.com/active-directory-360/manage-and-protect-identities/case-studies/hapcap-and-admanager-plus.html,"study, case, admanager plus, admp, hocking"
159,ADManager Plus,Anupriya T,growth-marketing@zohocorp.com,Case study,Case study on ArcelorMittal Europe,Case study on ArcelorMittal Europe,,Up-to-date,2024,https://www.manageengine.com/active-directory-360/manage-and-protect-identities/case-studies/arcelor-mittal-europe-admanager-plus.html,"study, case, admanager plus, admp, arcelormittal"
160,ADManager Plus,Anupriya T,growth-marketing@zohocorp.com,Case study,Case study on ENGIE,Case study on ENGIE,,Up-to-date,2024,https://www.manageengine.com/active-directory-360/manage-and-protect-identities/case-studies/engie-admanager-plus-case-study.html,"study, engie, case, admanager plus, admp"
161,ADManager Plus,Anupriya T,growth-marketing@zohocorp.com,Case study,Case study on Amlak Finance PJSC,Case study on Amlak Finance PJSC,,Up-to-date,2024,https://www.manageengine.com/active-directory-360/manage-and-protect-identities/case-studies/amlak-finance-admanager-plus.html,"study, amlak, case, admanager plus, admp"
162,ADManager Plus,Anupriya T,growth-marketing@zohocorp.com,Case study,Case study on Better Body Foods & Nutrition,Case study on Better Body Foods & Nutrition,,Up-to-date,2024,https://www.manageengine.com/active-directory-360/manage-and-protect-identities/case-studies/better-body-foods-and-nutrition-admanager-plus.html,"study, better, case, admanager plus, admp"
163,ADManager Plus,Anupriya T,growth-marketing@zohocorp.com,Case study,Case study on Government of Freeport,Case study on Government of Freeport,,Up-to-date,2024,https://www.manageengine.com/active-directory-360/manage-and-protect-identities/case-studies/village-of-freeport-admanager-plus.html,"study, government, case, admanager plus, admp"
164,ADManager Plus,Anupriya T,growth-marketing@zohocorp.com,Case study,Case study on Ensureum,Case study on Ensureum,,Up-to-date,2023,https://www.manageengine.com/products/ad-manager/case-study/user-onboarding-and-offboarding-made-easy-for-ensurem-with-admanager-plus.html,"study, case, ensureum, admanager plus, admp"
165,ADManager Plus,Anupriya T,growth-marketing@zohocorp.com,Case study,Case study on Priceline,Case study on Priceline,,Up-to-date,2023,https://www.manageengine.com/products/ad-manager/case-study/priceline-improves-ad-management-with-admanager-plus.html,"study, case, admanager plus, priceline, admp"
166,ADManager Plus,Anupriya T,growth-marketing@zohocorp.com,Case study,Case study on MedExpress,Case study on MedExpress,,Up-to-date,2023,https://www.manageengine.com/products/ad-manager/case-study/medexpress-simplifies-ad-management-with-admanager-plus.html,"study, case, admanager plus, admp, medexpress"
167,ADManager Plus,Anupriya T,growth-marketing@zohocorp.com,Case study,Case study on U.S. Equal Employment Opportunity Commission,Case study on U.S. Equal Employment Opportunity Commission,,Up-to-date,2023,https://www.manageengine.com/products/ad-manager/case-study/how-admanager-plus-helps-us-equal-employment-opportunity-commission-in-access-management.html,"study, equal, case, admanager plus, admp"
168,ADManager Plus,Anupriya T,growth-marketing@zohocorp.com,Case study,Case study on Dubai Developments,Case study on Dubai Developments,,Up-to-date,2023,https://www.manageengine.com/products/ad-manager/case-study/dubai-developments-case-study-ad-manager-plus.html,"study, dubai, case, admanager plus, admp"
169,ADManager Plus,Anupriya T,growth-marketing@zohocorp.com,Case study,Case study on CoreLogic,Case study on CoreLogic,,Up-to-date,2023,https://www.manageengine.com/products/ad-manager/case-study/corelogic-manages-active-directory-with-admanager-plus.html,"study, case, admanager plus, corelogic, admp"
170,ADManager Plus,Anupriya T,growth-marketing@zohocorp.com,Case study,Case study on Central Bank,Case study on Central Bank,,Up-to-date,2023,https://www.manageengine.com/products/ad-manager/case-study/central-bank-simplifies-their-routine-process-with-admanager-plus.html,"study, case, central, admanager plus, admp"
171,ADManager Plus,Anupriya T,growth-marketing@zohocorp.com,Case study,Case study on Rackroom,Case study on Rackroom,,Up-to-date,2023,https://www.manageengine.com/products/ad-manager/case-study/bulk-user-management-made-easy-for-rack-room-shoes-with-admanager-plus.html,"study, case, admanager plus, admp, rackroom"
172,ADManager Plus,Anupriya T,growth-marketing@zohocorp.com,Case study,Case study on North 40,Case study on North 40,,Up-to-date,2023,https://www.manageengine.com/products/ad-manager/case-study/admanager-plus-streamlines-active-directory-management-for-north40-outfitters.html,"study, case, admanager plus, admp, north"
173,ADManager Plus,Anupriya T,growth-marketing@zohocorp.com,Case study,Case study on Sleep Country,Case study on Sleep Country,,Up-to-date,2023,https://www.manageengine.com/products/ad-manager/case-study/admanager-plus-helps-sleep-country-canada-to-generate-ad-reports-without-powershell.html,"study, case, sleep, admanager plus, admp"
174,ADManager Plus,Anupriya T,growth-marketing@zohocorp.com,Case study,Case study on Belden,Case study on Belden,,Up-to-date,2023,https://www.manageengine.com/products/ad-manager/case-study/admanager-plus-helps-belden-to-automate-ad-tasks.html,"study, case, admanager plus, belden, admp"
175,ADManager Plus,Anupriya T,growth-marketing@zohocorp.com,Case study,Case study on Ilending,Case study on Ilending,,Up-to-date,2023,https://www.manageengine.com/products/ad-manager/case-study/ad-automation-and-reporting-helps-ilending.html,"study, case, ilending, admanager plus, admp"
176,ADManager Plus,Anupriya T,growth-marketing@zohocorp.com,Case study,Case study on AAALife,Case study on AAALife,,Up-to-date,2023,https://www.manageengine.com/products/ad-manager/case-study/aaa-life-simplifies-ad-user-provisioning-with-admanager-plus.html,"study, case, aaalife, admanager plus, admp"
177,ADManager Plus,Anupriya T,growth-marketing@zohocorp.com,Case study,Case study on Williamson County,Case study on Williamson County,,Up-to-date,2024,https://www.manageengine.com/active-directory-360/voice-of-the-customer/case-studies.html?tab=listen#:~:text=Williamson%20County%20Tennessee%20elevates%20Active%20Directory,"study, case, williamson, admanager plus, admp"
178,ADManager Plus,Anupriya T,growth-marketing@zohocorp.com,Case study,Case study on Arcosa,Case study on Arcosa,,Up-to-date,2024,https://www.manageengine.com/active-directory-360/voice-of-the-customer/case-studies.html?tab=listen#:~:text=Arcosa%20discovers%20sophistication%20and%20streamlined%20processes,"study, case, admanager plus, admp, arcosa"
179,ADManager Plus,Anupriya T,growth-marketing@zohocorp.com,Case study,Case study on Belcan,Case study on Belcan,,Up-to-date,2023,https://www.manageengine.com/active-directory-360/manage-and-protect-identities/case-studies/user-and-group-management-for-belcan.html,"study, belcan, case, admanager plus, admp"
180,ADManager Plus,Anupriya T,growth-marketing@zohocorp.com,Case study,Case study on Clark College,Case study on Clark College,,Up-to-date,2024,https://www.manageengine.com/active-directory-360/manage-and-protect-identities/case-studies/unified-user-access-management-for-clark-college.html,"clark, study, case, admanager plus, admp"
181,ADManager Plus,Anupriya T,growth-marketing@zohocorp.com,Case study,Case study on Town of Vernon,Case study on Town of Vernon,,Up-to-date,2023,https://www.manageengine.com/active-directory-360/manage-and-protect-identities/case-studies/town-of-vernon-simplifies-ad-management-using-admanager-plus.html,"study, town, case, admanager plus, admp"
182,ADManager Plus,Anupriya T,growth-marketing@zohocorp.com,Case study,Case study on Shanghai Fuchuang Industrial Development,Case study on Shanghai Fuchuang Industrial Development,,Up-to-date,2024,https://www.manageengine.com/active-directory-360/manage-and-protect-identities/case-studies/shanghai-fuchuang-industrial-development-and-admanager-plus.html,"study, shanghai, case, admanager plus, admp"
183,ADManager Plus,Anupriya T,growth-marketing@zohocorp.com,Case study,Case study on Science Museum,Case study on Science Museum,,Up-to-date,2024,https://www.manageengine.com/active-directory-360/manage-and-protect-identities/case-studies/science-museum-and-admanager-plus.html,"study, case, admanager plus, science, admp"
184,ADManager Plus,Anupriya T,growth-marketing@zohocorp.com,Case study,Case study on Rotman Orthopaedic Institute,Case study on Rotman Orthopaedic Institute,,Up-to-date,2023,https://www.manageengine.com/active-directory-360/manage-and-protect-identities/case-studies/rothman-orthopaedic-institute-enhance-it-efficiency-with-admanager-plus.html,"study, case, admanager plus, admp, rotman"
185,ADManager Plus,Anupriya T,growth-marketing@zohocorp.com,Case study,Case study on Ping,Case study on Ping,,Up-to-date,2023,https://www.manageengine.com/active-directory-360/manage-and-protect-identities/case-studies/pings-transformation-with-admanager-plus.html,"study, case, admanager plus, ping, admp"
186,ADManager Plus,Anupriya T,growth-marketing@zohocorp.com,Case study,Case study on Penn National Insurance,Case study on Penn National Insurance,,Up-to-date,2023,https://www.manageengine.com/active-directory-360/manage-and-protect-identities/case-studies/penn-national-insurance-uses-admanager-plus-for-efficient-ad-management.html,"study, penn, case, admanager plus, admp"
187,ADManager Plus,Anupriya T,growth-marketing@zohocorp.com,Case study,Case study on Office Practicum,Case study on Office Practicum,,Up-to-date,2024,https://www.manageengine.com/active-directory-360/manage-and-protect-identities/case-studies/office-practicum-and-admanager-plus.html,"study, office, case, admanager plus, admp"
188,ADManager Plus,Anupriya T,growth-marketing@zohocorp.com,Case study,Case study on Mott Community College,Case study on Mott Community College,,Up-to-date,2023,https://www.manageengine.com/active-directory-360/manage-and-protect-identities/case-studies/mott-community-college-optimizes-user-management.html,"study, mott, case, admanager plus, admp"
189,ADManager Plus,Anupriya T,growth-marketing@zohocorp.com,Case study,Case study on Monogram Health,Case study on Monogram Health,,Up-to-date,2023,https://www.manageengine.com/active-directory-360/manage-and-protect-identities/case-studies/monogram-health-automates-routine-active-directory-tasks-with-admanager-plus.html,"study, case, admanager plus, admp, monogram"
190,ADManager Plus,Anupriya T,growth-marketing@zohocorp.com,Case study,Case study on PT. Mitra Adiperkasa Tbk,Case study on PT. Mitra Adiperkasa Tbk,,Up-to-date,2024,https://www.manageengine.com/active-directory-360/manage-and-protect-identities/case-studies/mitra-adi-perkasa-admanager-plus.html,"study, case, mitra, admanager plus, admp"
191,ADManager Plus,Anupriya T,growth-marketing@zohocorp.com,Case study,Case study on MFA Oil Company,Case study on MFA Oil Company,,Up-to-date,2024,https://www.manageengine.com/active-directory-360/manage-and-protect-identities/case-studies/mfa-oil-company-and-admanager-plus.html,"study, mfa, case, admanager plus, admp"
192,ADManager Plus,Anupriya T,growth-marketing@zohocorp.com,Case study,Case study on Mandarin Oriental Hotel Group,Case study on Mandarin Oriental Hotel Group,,Up-to-date,2023,https://www.manageengine.com/active-directory-360/manage-and-protect-identities/case-studies/mandarin-oriental-hotel-manages-active-directory-with-admanager-plus.html,"study, case, admanager plus, admp, mandarin"
193,ADManager Plus,Anupriya T,growth-marketing@zohocorp.com,Case study,Case study on Immunotek,Case study on Immunotek,,Up-to-date,2023,https://www.manageengine.com/active-directory-360/manage-and-protect-identities/case-studies/immunotek-automates-active-directory-user-provisioning.html,"study, case, admanager plus, admp, immunotek"
194,ADManager Plus,Anupriya T,growth-marketing@zohocorp.com,Case study,Case study on Ilumed,Case study on Ilumed,,Up-to-date,2023,https://www.manageengine.com/active-directory-360/manage-and-protect-identities/case-studies/ilumed-uses-admanager-plus-for-enhanced-security-compliance-and-ad-management.html,"study, case, admanager plus, admp, ilumed"
195,ADManager Plus,Anupriya T,growth-marketing@zohocorp.com,Case study,Case study on Sunwater,Case study on Sunwater,,Up-to-date,2023,https://www.manageengine.com/active-directory-360/manage-and-protect-identities/case-studies/identity-management-for-sunwater.html,"study, case, sunwater, admanager plus, admp"
196,ADManager Plus,Anupriya T,growth-marketing@zohocorp.com,Case study,Case study on Heritage Christian School,Case study on Heritage Christian School,,Up-to-date,2023,https://www.manageengine.com/active-directory-360/manage-and-protect-identities/case-studies/heritage-christian-school-simplifies-ad-management-using-admanager-plus.html,"study, case, heritage, admanager plus, admp"
197,ADManager Plus,Anupriya T,growth-marketing@zohocorp.com,Case study,Case study on Glory Kingdom,Case study on Glory Kingdom,,Up-to-date,2023,https://www.manageengine.com/active-directory-360/manage-and-protect-identities/case-studies/glory-kingdom-simplifies-ad-management-using-admanager-plus.html,"study, glory, case, admanager plus, admp"
198,ADManager Plus,Anupriya T,growth-marketing@zohocorp.com,Case study,Case study on Essendant,Case study on Essendant,,Up-to-date,2023,https://www.manageengine.com/active-directory-360/manage-and-protect-identities/case-studies/essendant-simplifies-active-directory-reporting-using-admanager-plus.html,"study, essendant, case, admanager plus, admp"
199,ADManager Plus,Anupriya T,growth-marketing@zohocorp.com,Case study,Case study on DTAC,Case study on DTAC,,Up-to-date,2023,https://www.manageengine.com/active-directory-360/manage-and-protect-identities/case-studies/dtac-automates-active-directory-management.html,"study, dtac, case, admanager plus, admp"
200,ADManager Plus,Anupriya T,growth-marketing@zohocorp.com,Case study,Case study on City of Roanoke,Case study on City of Roanoke,,Up-to-date,2023,https://www.manageengine.com/active-directory-360/manage-and-protect-identities/case-studies/city-of-roanoke-uses-admanager-plus-for-user-account-automation-and-management.html,"study, case, admanager plus, admp, city"
201,ADManager Plus,Anupriya T,growth-marketing@zohocorp.com,Case study,Case study on Cashmere Valley Bank,Case study on Cashmere Valley Bank,,Up-to-date,2023,https://www.manageengine.com/active-directory-360/manage-and-protect-identities/case-studies/cashmere-valley-bank-simplifies-ad-automation-and-reporting.html,"study, cashmere, case, admanager plus, admp"
202,ADManager Plus,Anupriya T,growth-marketing@zohocorp.com,Case study,Case study on Mountain View School District,Case study on Mountain View School District,,Up-to-date,2023,https://www.manageengine.com/active-directory-360/manage-and-protect-identities/case-studies/case-study-on-simplified-ad-management-at-mountain-view-school-district.html,"study, case, mountain, admanager plus, admp"
203,ADManager Plus,Anupriya T,growth-marketing@zohocorp.com,Case study,Case study on Bobrick,Case study on Bobrick,,Up-to-date,2023,https://www.manageengine.com/active-directory-360/manage-and-protect-identities/case-studies/bobricks-user-management-made-easy-by-admanager-plus.html,"study, case, bobrick, admanager plus, admp"
204,ADManager Plus,Anupriya T,growth-marketing@zohocorp.com,Case study,Case study on Bishop Alemany High School,Case study on Bishop Alemany High School,,Up-to-date,2023,https://www.manageengine.com/active-directory-360/manage-and-protect-identities/case-studies/bishop-alemany-high-school-automates-user-provisioning-and-password-management.html,"study, case, admanager plus, admp, bishop"
205,ADManager Plus,Anupriya T,growth-marketing@zohocorp.com,Case study,Case study on Big C Lumber,Case study on Big C Lumber,,Up-to-date,2024,https://www.manageengine.com/active-directory-360/manage-and-protect-identities/case-studies/big-c-lumber-admanager-plus.html,"study, big, case, admanager plus, admp"
206,ADManager Plus,Anupriya T,growth-marketing@zohocorp.com,Case study,Case study on Muscogee County School District,Case study on Muscogee County School District,,Up-to-date,2024,https://www.manageengine.com/active-directory-360/manage-and-protect-identities/case-studies/automated-user-management-for-muscogee-schools.html,"study, case, admanager plus, muscogee, admp"
207,ADManager Plus,Anupriya T,growth-marketing@zohocorp.com,Case study,Case study on Allight,Case study on Allight,,Up-to-date,2023,https://www.manageengine.com/active-directory-360/manage-and-protect-identities/case-studies/allity-pty-ltd-automates-active-directory-management.html,"study, allight, case, admanager plus, admp"
208,ADManager Plus,Anupriya T,growth-marketing@zohocorp.com,Case study,Case study on E8 PTE. LTD,Case study on E8 PTE. LTD,,Up-to-date,2023,https://www.manageengine.com/active-directory-360/manage-and-protect-identities/case-studies/admanager-plus-simplifies-ad-management-for-e8-pte-ltd.html,"study, pte, case, admanager plus, admp"
209,ADManager Plus,Anupriya T,growth-marketing@zohocorp.com,Case study,Case study on Essentia Health,Case study on Essentia Health,,Up-to-date,2023,https://www.manageengine.com/active-directory-360/manage-and-protect-identities/case-studies/admanager-plus-enhances-ad-management-for-essentia-health.html,"study, case, admanager plus, essentia, admp"
210,ADManager Plus,Anupriya T,growth-marketing@zohocorp.com,Case study,Case study on SvellaConnect,Case study on SvellaConnect,,Up-to-date,2024,https://www.manageengine.com/active-directory-360/manage-and-protect-identities/case-studies/admanager-plus-and-svella-connect.html,"study, svellaconnect, case, admanager plus, admp"
211,ADManager Plus,Anupriya T,growth-marketing@zohocorp.com,Case study,Case study on Mansfield Independent School District,Case study on Mansfield Independent School District,,Up-to-date,2023,https://www.manageengine.com/active-directory-360/manage-and-protect-identities/case-studies/active-directory-management-for-mansfield-independent-school-district.html,"study, mansfield, case, admanager plus, admp"
212,ADManager Plus,Anupriya T,growth-marketing@zohocorp.com,Case study,Case study on First Columbia Bank,Case study on First Columbia Bank,,Up-to-date,2023,https://www.manageengine.com/active-directory-360/manage-and-protect-identities/case-studies/active-directory-management-for-first-columbia-bank.html,"study, case, admanager plus, first, admp"
213,ADManager Plus,Anupriya T,growth-marketing@zohocorp.com,Case study,Case study on Automobile Club of Southern California,Case study on Automobile Club of Southern California,,Up-to-date,2023,https://www.manageengine.com/active-directory-360/manage-and-protect-identities/case-studies/active-directory-management-for-automobile-club-of-southern-california.html,"study, case, admanager plus, admp, automobile"
214,ADManager Plus,Anupriya T,growth-marketing@zohocorp.com,Case study,Case study on Accsys Technologies,Case study on Accsys Technologies,,Up-to-date,2024,https://www.manageengine.com/active-directory-360/manage-and-protect-identities/case-studies/accsys-technologies-and-admanager-plus.html,"study, case, admanager plus, accsys, admp"
215,ADManager Plus,Anupriya T,growth-marketing@zohocorp.com,Case study,Case study on Accreditation Commission for Health Care (ACHC),Case study on Accreditation Commission for Health Care (ACHC),,Up-to-date,2023,https://www.manageengine.com/active-directory-360/manage-and-protect-identities/case-studies/accreditation-commission-for-health-care-optimizes-user-management.html,"study, case, admanager plus, admp, accreditation"
216,ADManager Plus,Anupriya T,growth-marketing@zohocorp.com,Case study,Case study on Parkbridge Management,Case study on Parkbridge Management,,Up-to-date,2024,https://manageengine.com/active-directory-360/manage-and-protect-identities/case-studies/parkbridge-management-lp-admanager-plus.html,"study, case, admanager plus, parkbridge, admp"
217,ADManager Plus,Anupriya T,growth-marketing@zohocorp.com,Case study,Case study on Enpro,Case study on Enpro,,Up-to-date,2024,https://manageengine.com/active-directory-360/manage-and-protect-identities/case-studies/enpro-and-admanager-plus.html,"study, enpro, case, admanager plus, admp"
218,ADManager Plus,Anupriya T,growth-marketing@zohocorp.com,Case study,Case study on East Kent NHS Hospitals,Case study on East Kent NHS Hospitals,,Up-to-date,2024,https://manageengine.com/active-directory-360/manage-and-protect-identities/case-studies/east-kent-hospitals-university-NHS-foundation-trust.html,"study, case, east, admanager plus, admp"
219,ADManager Plus,Anupriya T,growth-marketing@zohocorp.com,Case study,Case study on Anderson University,Case study on Anderson University,,Up-to-date,2024,https://manageengine.com/active-directory-360/manage-and-protect-identities/case-studies/anderson-university-and-admanager-plus.html,"study, case, admanager plus, anderson, admp"
220,ADAudit Plus,Mahidhar Adarsh M,adap-marketing@zohocorp.com,Datasheet,Datasheet,"A datasheet covering the top 10 features, supported platforms, editions, and licensing details of ADAudit Plus.""",,Up-to-date,October 2024,https://download.manageengine.com/products/active-directory-audit/adaudit-plus-datasheet.pdf,"covering, adap, adaudit plus, datasheet, top"
221,ADAudit Plus,Mahidhar Adarsh M,adap-marketing@zohocorp.com,Presentation,Presentation,"A presentation covering ADAudit Plus and its benefits, top features, supported platforms, editions, licensing, and customer testimonials and awards.",,Up-to-date,September 2024,https://www.manageengine.com/products/active-directory-audit/brochures.html,"covering, adaudit, adap, presentation, adaudit plus"
222,ADAudit Plus,Mahidhar Adarsh M,adap-marketing@zohocorp.com,Microcopy,Boilerplate,Long and short descriptions of ADAudit Plus,,Up-to-date,December 2024,https://writer.zoho.com/writer/open/27loj3d964d1de0a4428c8c1ff26ccbd11d60,"short, adap, adaudit plus, long, boilerplate"
223,ADAudit Plus,Mahidhar Adarsh M,adap-marketing@zohocorp.com,Technical Document,RFP,"This detailed request for proposal document outlines the features, evaluation criteria, and purchase details of ADAudit Plus.",,Up-to-date,February 2024,https://workdrive.zoho.com/file/matlq87e399d047e349cfae0a3d36e29cc835,"adap, adaudit plus, request, detailed, rfp"
224,ADAudit Plus,Mahidhar Adarsh M,adap-marketing@zohocorp.com,Technical Document,How-to sell,"This how-to-sell document provides details on ADAudit Plus, market drivers, key evaluators, and effective pitching strategies for ADAudit Plus. NOTE: This is meant for internal use only.",,To be updated,November 2023,https://writer.zoho.com/writer/open/sz6eg8dcae6a8045d416aa4fd7c4eabbce6d4#,"adaudit, adap, adaudit plus, sell, provides"
225,ADAudit Plus,Mahidhar Adarsh M,adap-marketing@zohocorp.com,Technical Document,VPAT,ADAudit Plus' Accessibility Conformance Report ,,To be updated,March 2022,https://writer.zoho.com/writer/open/l12miaa89e7a00c6944bd8bdbdde8850e03ec,"adaudit, adap, adaudit plus, accessibility, vpat"
226,ADAudit Plus,Mahidhar Adarsh M,adap-marketing@zohocorp.com,Technical Document,Scope of Work,ADAudit Plus' training document,,To be updated,February 2022,https://workdrive.zoho.com/file/pg0dea56b90eccd6c406687ce0348fbc0f66c,"adaudit, adap, scope, adaudit plus, work"
227,ADAudit Plus,Mahidhar Adarsh M,adap-marketing@zohocorp.com,Technical Document,Battle card,"This battlecard provides details on ADAudit Plus, market drivers, key evaluators, and effective pitching strategies for ADAudit Plus. NOTE: This is meant for internal use only.",,To be updated,July 2020,https://workdrive.zoho.com/file/jin6xf0aa281b985446208fac5169c47e89e4,"card, adaudit, adap, adaudit plus, battle"
228,ADAudit Plus,Mahidhar Adarsh M,adap-marketing@zohocorp.com,Comparison document,Comparison matrix,"This comparison matrix helps you contrast ADAudit Plus’ key features, supported platforms, and the evaluation and purchase process with other vendors.",,Up-to-date,March 2024,https://workdrive.zoho.com/file/6bll97630c9ecf2f546e68c8a2a7d9f6a4798,"adap, helps, adaudit plus, comparison, matrix"
229,ADAudit Plus,Mahidhar Adarsh M,adap-marketing@zohocorp.com,Comparison document,ADAudit Plus Vs Varonis DatAdvantage and DatAlert,This document provides a concise comparison between the Windows serverauditing capabilities of ManageEngine ADAudit Plus versus Varonis DatAdvantage and DatAlert.,,Up-to-date,December 2024,https://workdrive.zoho.com/file/kpawy6b689fa9218f4aa9940219452661f19e,"adaudit, adap, adaudit plus, datadvantage, varonis"
230,ADAudit Plus,Mahidhar Adarsh M,adap-marketing@zohocorp.com,Comparison document,ADAudit Plus Vs Netwrix,"This comparison document helps you contrast ManageEngine ADAudit Plus' Active Directory (AD),Azure AD, file server, Windows server, and workstation auditing capabilities, and the evaluation andpurchase process with Netwrix Auditor.",,Up-to-date,March 2024,https://workdrive.zoho.com/file/tr7j56bc5261f7a2d4decb92665b85312812a,"adaudit, adap, server, netwrix, adaudit plus"
231,ADAudit Plus,Mahidhar Adarsh M,adap-marketing@zohocorp.com,Comparison document,ADAudit Plus Vs Lepide,"This comparison document helps you contrast ManageEngine ADAudit Plus' Active Directory (AD),Azure AD, and file server auditing capabilities, and the evaluation and purchase process with LepideAuditor.",,Up-to-date,March 2024,https://workdrive.zoho.com/file/tw72b818297c09e714bc8bdd4f5402901cd6c,"adaudit, adap, adaudit plus, comparison, lepide"
232,ADAudit Plus,Mahidhar Adarsh M,adap-marketing@zohocorp.com,Comparison document,ADAudit Plus Vs DataSecurity Plus,Understanding the scopes of ADAudit Plus and DataSecurity Plus.,,Up-to-date,January 2024,https://writer.zoho.com/writer/open/pnpdl7cb02bd3589f4e5083b28a18260987e3,"adaudit, adap, adaudit plus, datasecurity, understanding"
233,ADAudit Plus,Mahidhar Adarsh M,adap-marketing@zohocorp.com,Comparison document,ADAudit Plus vs Tenable AD ,"This document compares the auditing, anomaly and threat detection capabilities of ADAudit Plus and Tenable.ad.",,To be updated,April 2023,https://writer.zoho.com/writer/open/8n7dba4fd23ac2226422984381a00a832be06,"adaudit, adap, adaudit plus, tenable, compares"
234,ADAudit Plus,Mahidhar Adarsh M,adap-marketing@zohocorp.com,Comparison document,ADAudit Plus Vs QuestChange Auditor,This document compares the Active Directory and ﬁleserver auditing capabilities of ManageEngine ADAudit Plus with Quest ChangeAuditor.,,To be updated,August 2019,https://workdrive.zoho.com/file/hvqqjb8f8258488d54a1087befbb10fe99c18,"adaudit, adap, adaudit plus, auditor, questchange"
235,ADAudit Plus,Mahidhar Adarsh M,adap-marketing@zohocorp.com,Technical Document,NIST 800-171,This document maps ADAudit Plus' functionalities with NIST SP 800-171 requirements.,,Up-to-date,March 2024,https://writer.zoho.com/writer/open/npeyt9946bf1541514313bce86b370a37df39,"adap, adaudit plus, 171, nist, 800"
236,ADAudit Plus,Mahidhar Adarsh M,adap-marketing@zohocorp.com,Technical Document,ISO 27001,This document maps ISO 270001:2022 requirements with ManageEngine ADAudit Plus' functionalities,,To be updated,June 2023,https://writer.zoho.com/writer/open/67jzb99234443ae2549b89afedf69cb264491,"adap, adaudit plus, maps, iso, 27001"
237,ADAudit Plus,Mahidhar Adarsh M,adap-marketing@zohocorp.com,Technical Document,CMMC,ADAudit Plus' reports that help you fast-track CMMC certification:,,To be updated,July 2022,https://writer.zoho.com/writer/open/k0ow2d7f95069bee74c008cc52207e590708b,"adaudit, adap, reports, adaudit plus, cmmc"
238,ADAudit Plus,Mahidhar Adarsh M,growth-marketing@zohocorp.com,Case study,Case study of UHB NHS,Case study of UHB NHS,,Up-to-date,2025,https://www.manageengine.com/active-directory-360/manage-and-protect-identities/case-studies/uhb-nhs-trust-and-adaudit-plus.html,"study, adap, uhb, adaudit plus, case"
239,ADAudit Plus,Mahidhar Adarsh M,growth-marketing@zohocorp.com,Case study,Case study of INELO,Case study of INELO,,Up-to-date,2025,https://www.manageengine.com/active-directory-360/manage-and-protect-identities/case-studies/inelo-and-adaudit-plus.html,"study, inelo, adap, adaudit plus, case"
240,ADAudit Plus,Mahidhar Adarsh M,growth-marketing@zohocorp.com,Case study,Case study of STgenetics,Case study of STgenetics,,Up-to-date,2022,https://www.manageengine.com/products/active-directory-audit/case-studies/stgenetics-casestudy.html,"study, stgenetics, adap, adaudit plus, case"
241,ADAudit Plus,Mahidhar Adarsh M,growth-marketing@zohocorp.com,Case study,Case study of Wüstenrot stavebná sporiteľňa a.s.,Case study of Wüstenrot stavebná sporiteľňa a.s.,,Up-to-date,Pre-2022,https://www.manageengine.com/products/active-directory-audit/case-studies/wustenrot-stavebna-monitor-domain-controller-authentications.html,"study, adap, wüstenrot, adaudit plus, case"
242,ADAudit Plus,Mahidhar Adarsh M,growth-marketing@zohocorp.com,Case study,Case study of UncleBob's Self Storage,Case study of UncleBob's Self Storage,,Up-to-date,Pre-2022,https://www.manageengine.com/products/active-directory-audit/case-studies/uncle-bob-self-storage-sox-pci-compliance-reports.html,"study, adap, adaudit plus, case, unclebob"
243,ADAudit Plus,Mahidhar Adarsh M,growth-marketing@zohocorp.com,Case study,Case study of Tecnisa SA,Case study of Tecnisa SA,,Up-to-date,Pre-2022,https://www.manageengine.com/products/active-directory-audit/case-studies/tecnisa-sa-windows-ad-servers-change-monitoring.html,"study, adap, adaudit plus, case, tecnisa"
244,ADAudit Plus,Mahidhar Adarsh M,growth-marketing@zohocorp.com,Case study,Case study of St. Johns County Tax Collector,Case study of St. Johns County Tax Collector,,Up-to-date,2022,https://www.manageengine.com/products/active-directory-audit/case-studies/sjctax-office-iam-auditing-solution.html,"study, adap, johns, adaudit plus, case"
245,ADAudit Plus,Mahidhar Adarsh M,growth-marketing@zohocorp.com,Case study,Case study of Seattle Housing Authority,Case study of Seattle Housing Authority,,Up-to-date,Pre-2022,https://www.manageengine.com/products/active-directory-audit/case-studies/seattle-housing-authority-monitor-employees-logon.html,"study, seattle, adap, adaudit plus, case"
246,ADAudit Plus,Mahidhar Adarsh M,growth-marketing@zohocorp.com,Case study,Case study of RMK Marine,Case study of RMK Marine,,Up-to-date,Pre-2022,https://www.manageengine.com/products/active-directory-audit/case-studies/rmk-marine-monitor-report-windows-ad-changes.html,"study, adap, adaudit plus, case, rmk"
247,ADAudit Plus,Mahidhar Adarsh M,growth-marketing@zohocorp.com,Case study,Case study of RCIT,Case study of RCIT,,Up-to-date,Pre-2022,https://www.manageengine.com/products/active-directory-audit/case-studies/riverside-county-case-study-adaudit-plus.html,"rcit, study, adap, adaudit plus, case"
248,ADAudit Plus,Mahidhar Adarsh M,growth-marketing@zohocorp.com,Case study,Case study of NTT Data,Case study of NTT Data,,Up-to-date,2022,https://www.manageengine.com/products/active-directory-audit/case-studies/ntt-data-case-study.html,"study, adap, adaudit plus, case, ntt"
249,ADAudit Plus,Mahidhar Adarsh M,growth-marketing@zohocorp.com,Case study,Case study of Northern Land Council,Case study of Northern Land Council,,Up-to-date,Pre-2022,https://www.manageengine.com/products/active-directory-audit/case-studies/northern-land-council-clear-view-windows-server-network.html,"study, adap, adaudit plus, case, northern"
250,ADAudit Plus,Mahidhar Adarsh M,growth-marketing@zohocorp.com,Case study,Case study of Motus,Case study of Motus,,Up-to-date,Pre-2022,https://www.manageengine.com/products/active-directory-audit/case-studies/motus-tracking-active-directory-changes.html,"study, adap, adaudit plus, case, motus"
251,ADAudit Plus,Mahidhar Adarsh M,growth-marketing@zohocorp.com,Case study,"Case study of Morbark, Inc","Case study of Morbark, Inc",,Up-to-date,Pre-2022,https://www.manageengine.com/products/active-directory-audit/case-studies/morbark-inc-track-windows-ad-file-servers-changes.html,"study, adap, adaudit plus, case, morbark"
252,ADAudit Plus,Mahidhar Adarsh M,growth-marketing@zohocorp.com,Case study,Case study of Life Management Center,Case study of Life Management Center,,Up-to-date,Pre-2022,https://www.manageengine.com/products/active-directory-audit/case-studies/life-management-center-hipaa-compliance.html,"study, adap, adaudit plus, life, case"
253,ADAudit Plus,Mahidhar Adarsh M,growth-marketing@zohocorp.com,Case study,Case study of Life Healthcare,Case study of Life Healthcare,,Up-to-date,Pre-2022,https://www.manageengine.com/products/active-directory-audit/case-studies/life-healthcare-group-case-study-adaudit-plus.html,"study, adap, adaudit plus, life, case"
254,ADAudit Plus,Mahidhar Adarsh M,growth-marketing@zohocorp.com,Case study,Case study of Leeds Building Society,Case study of Leeds Building Society,,Up-to-date,Pre-2022,https://www.manageengine.com/products/active-directory-audit/case-studies/leeds-building-society-network-change-alert.html,"study, adap, adaudit plus, case, leeds"
255,ADAudit Plus,Mahidhar Adarsh M,growth-marketing@zohocorp.com,Case study,Case study of Kendal,Case study of Kendal,,Up-to-date,Pre-2022,https://www.manageengine.com/products/active-directory-audit/case-studies/kendal-pre-configured-hipaa-compliance-reports.html,"study, adap, adaudit plus, case, kendal"
256,ADAudit Plus,Mahidhar Adarsh M,growth-marketing@zohocorp.com,Case study,Case study of Interglobe,Case study of Interglobe,,Up-to-date,Pre-2022,https://www.manageengine.com/products/active-directory-audit/case-studies/interglobe-case-study-adaudit-plus.html,"study, adap, adaudit plus, case, interglobe"
257,ADAudit Plus,Mahidhar Adarsh M,growth-marketing@zohocorp.com,Case study,Case study of Iglu.com,Case study of Iglu.com,,Up-to-date,Pre-2022,https://www.manageengine.com/products/active-directory-audit/case-studies/iglu-com-pre-configured-pci-compliance-reports.html,"study, adap, adaudit plus, case, iglu"
258,ADAudit Plus,Mahidhar Adarsh M,growth-marketing@zohocorp.com,Case study,Case study of Harvard medical school,Case study of Harvard medical school,,Up-to-date,Pre-2022,https://www.manageengine.com/products/active-directory-audit/case-studies/harvard-medical-monitor-ad-infrastructure.html,"study, adap, adaudit plus, case, harvard"
259,ADAudit Plus,Mahidhar Adarsh M,growth-marketing@zohocorp.com,Case study,Case study of First Response,Case study of First Response,,Up-to-date,Pre-2022,https://www.manageengine.com/products/active-directory-audit/case-studies/first-response-file-server-auditing.html,"study, adap, adaudit plus, case, first"
260,ADAudit Plus,Mahidhar Adarsh M,growth-marketing@zohocorp.com,Case study,Case study of Erste Bank A.D.,Case study of Erste Bank A.D.,,Up-to-date,Pre-2022,https://www.manageengine.com/products/active-directory-audit/case-studies/erste-bank-track-users-domain-administrators-activities.html,"study, adap, adaudit plus, case, erste"
261,ADAudit Plus,Mahidhar Adarsh M,growth-marketing@zohocorp.com,Case study,Case study of ECCH (NHS),Case study of ECCH (NHS),,Up-to-date,Pre-2022,https://www.manageengine.com/products/active-directory-audit/case-studies/east-coast-community-healthcare-case-study-adaudit-plus.html,"study, ecch, adap, adaudit plus, case"
262,ADAudit Plus,Mahidhar Adarsh M,growth-marketing@zohocorp.com,Case study,Case study of Dept of Employment and Workforce,Case study of Dept of Employment and Workforce,,Up-to-date,Pre-2022,https://www.manageengine.com/products/active-directory-audit/case-studies/dept-of-employment-track-admin-windows-server-changes.html,"study, adap, adaudit plus, case, dept"
263,ADAudit Plus,Mahidhar Adarsh M,growth-marketing@zohocorp.com,Case study,Case study of Davidson County Community College,Case study of Davidson County Community College,,Up-to-date,Pre-2022,https://www.manageengine.com/products/active-directory-audit/case-studies/davidson-county-college-track-windows-network-changes.html,"study, adap, adaudit plus, case, davidson"
264,ADAudit Plus,Mahidhar Adarsh M,growth-marketing@zohocorp.com,Case study,Case study of Crunch UK,Case study of Crunch UK,,Up-to-date,Pre-2022,https://www.manageengine.com/products/active-directory-audit/case-studies/crunch-tracking-file-changes.html,"study, adap, adaudit plus, case, crunch"
265,ADAudit Plus,Mahidhar Adarsh M,growth-marketing@zohocorp.com,Case study,Case study of Cosma International,Case study of Cosma International,,Up-to-date,Pre-2022,https://www.manageengine.com/products/active-directory-audit/case-studies/cosma-international-pre-configured-sox-compliance-reports.html,"study, cosma, adap, adaudit plus, case"
266,ADAudit Plus,Mahidhar Adarsh M,growth-marketing@zohocorp.com,Case study,Case study of Colliers International,Case study of Colliers International,,Up-to-date,Pre-2022,https://www.manageengine.com/products/active-directory-audit/case-studies/colliers-international-monitors-employees-login-activities.html,"colliers, study, adap, adaudit plus, case"
267,ADAudit Plus,Mahidhar Adarsh M,growth-marketing@zohocorp.com,Case study,Case study of Central Bank,Case study of Central Bank,,Up-to-date,Pre-2022,https://www.manageengine.com/products/active-directory-audit/case-studies/central-bank-monitor-active-directory.html,"study, adap, adaudit plus, case, central"
268,ADAudit Plus,Mahidhar Adarsh M,growth-marketing@zohocorp.com,Case study,Case study of State of Arkansa dept. of finance and administration,Case study of State of Arkansa dept. of finance and administration,,Up-to-date,2022,https://www.manageengine.com/products/active-directory-audit/case-studies/casestudy-of-arkansas-department-of-finance-and-administration.html,"study, adap, adaudit plus, case, state"
269,ADAudit Plus,Mahidhar Adarsh M,growth-marketing@zohocorp.com,Case study,Case study of California Transplant Donor Network,Case study of California Transplant Donor Network,,Up-to-date,Pre-2022,https://www.manageengine.com/products/active-directory-audit/case-studies/california-transplant-windows-ad-monitor-hipaa.html,"california, study, adap, adaudit plus, case"
270,ADAudit Plus,Mahidhar Adarsh M,growth-marketing@zohocorp.com,Case study,Case study of Bank of South Pacific,Case study of Bank of South Pacific,,Up-to-date,Pre-2022,https://www.manageengine.com/products/active-directory-audit/case-studies/bsp-windows-servers-netapp-filer-auditing.html,"study, adap, bank, adaudit plus, case"
271,ADAudit Plus,Mahidhar Adarsh M,growth-marketing@zohocorp.com,Case study,Case study of Blessing Hospital,Case study of Blessing Hospital,,Up-to-date,Pre-2022,https://www.manageengine.com/products/active-directory-audit/case-studies/blessing-hospital-windows-ad-monitoring.html,"study, blessing, adap, adaudit plus, case"
272,ADAudit Plus,Mahidhar Adarsh M,growth-marketing@zohocorp.com,Case study,Case study of Audatex,Case study of Audatex,,Up-to-date,Pre-2022,https://www.manageengine.com/products/active-directory-audit/case-studies/audatex-case-study-adaudit-plus.html,"study, audatex, adap, adaudit plus, case"
273,ADAudit Plus,Mahidhar Adarsh M,growth-marketing@zohocorp.com,Case study,"Case study of Acument™ Global Technologies, Inc.","Case study of Acument™ Global Technologies, Inc.",,Up-to-date,Pre-2022,https://www.manageengine.com/products/active-directory-audit/case-studies/acument-global-technologies-ad-change-monitoring.html,"study, adap, adaudit plus, case, acument"
274,ADAudit Plus,Mahidhar Adarsh M,growth-marketing@zohocorp.com,Case study,Case study of Wicomico County Public Schools,Case study of Wicomico County Public Schools,,Up-to-date,2024,https://www.manageengine.com/active-directory-360/manage-and-protect-identities/case-studies/wicomico-county-public-schools.html,"study, adap, adaudit plus, case, wicomico"
275,ADAudit Plus,Mahidhar Adarsh M,growth-marketing@zohocorp.com,Case study,Case study of University of Texas at Arlington,Case study of University of Texas at Arlington,,Up-to-date,2024,https://www.manageengine.com/active-directory-360/manage-and-protect-identities/case-studies/university-of-texas-adaudit-plus.html,"study, adap, adaudit plus, case, university"
276,ADAudit Plus,Mahidhar Adarsh M,growth-marketing@zohocorp.com,Case study,Case study of Uniting church in Australia Synod-of Victoria and Tasmania,Case study of Uniting church in Australia Synod-of Victoria and Tasmania,,Up-to-date,2024,https://www.manageengine.com/active-directory-360/manage-and-protect-identities/case-studies/uniting-church-in-australia-synod-of-victoria-and-tasmania-and-ADAudit-Plus.html,"study, adap, adaudit plus, case, uniting"
277,ADAudit Plus,Mahidhar Adarsh M,growth-marketing@zohocorp.com,Case study,Case study of Tranter IT,Case study of Tranter IT,,Up-to-date,2023,https://www.manageengine.com/active-directory-360/manage-and-protect-identities/case-studies/tranter-uses-adaudit-plus-to-efficiently-manage-users-and-workstations.html,"study, adap, adaudit plus, case, tranter"
278,ADAudit Plus,Mahidhar Adarsh M,growth-marketing@zohocorp.com,Case study,Case study of The Police Credit Union,Case study of The Police Credit Union,,Up-to-date,2024,https://www.manageengine.com/active-directory-360/manage-and-protect-identities/case-studies/the-police-credit-union-and-adaudit-plus.html,"study, adap, adaudit plus, case, police"
279,ADAudit Plus,Mahidhar Adarsh M,growth-marketing@zohocorp.com,Case study,Case study of Tata Consultancy Services,Case study of Tata Consultancy Services,,Up-to-date,2024,https://www.manageengine.com/active-directory-360/manage-and-protect-identities/case-studies/tata-consultancy-services-and-adaudit-plus.html,"study, adap, adaudit plus, case, tata"
280,ADAudit Plus,Mahidhar Adarsh M,growth-marketing@zohocorp.com,Case study,Case study of Sumner County Government,Case study of Sumner County Government,,Up-to-date,2024,https://www.manageengine.com/active-directory-360/manage-and-protect-identities/case-studies/sumner-county-admanager-plus.html,"study, sumner, adap, adaudit plus, case"
281,ADAudit Plus,Mahidhar Adarsh M,growth-marketing@zohocorp.com,Case study,Case study of Sterno,Case study of Sterno,,Up-to-date,2024,https://www.manageengine.com/active-directory-360/manage-and-protect-identities/case-studies/sterno-and-adaudit-plus.html,"study, sterno, adap, adaudit plus, case"
282,ADAudit Plus,Mahidhar Adarsh M,growth-marketing@zohocorp.com,Case study,Case study of Standard Valuations,Case study of Standard Valuations,,Up-to-date,2024,https://www.manageengine.com/active-directory-360/manage-and-protect-identities/case-studies/standard-valuations-and-adaudit-plus.html,"study, adap, adaudit plus, case, standard"
283,ADAudit Plus,Mahidhar Adarsh M,growth-marketing@zohocorp.com,Case study,Case study of St. John's County,Case study of St. John's County,,Up-to-date,2024,https://www.manageengine.com/active-directory-360/manage-and-protect-identities/case-studies/st-johns-county-adaudit-plus.html,"study, adap, adaudit plus, case, john"
284,ADAudit Plus,Mahidhar Adarsh M,growth-marketing@zohocorp.com,Case study,Case study of Social Security and National Insurance Trust (SSNIT),Case study of Social Security and National Insurance Trust (SSNIT),,Up-to-date,2024,https://www.manageengine.com/active-directory-360/manage-and-protect-identities/case-studies/social-security-and-national-insurance-trust.html,"study, adap, adaudit plus, social, case"
285,ADAudit Plus,Mahidhar Adarsh M,growth-marketing@zohocorp.com,Case study,Case study of Shield Restraint Systems,Case study of Shield Restraint Systems,,Up-to-date,2024,https://www.manageengine.com/active-directory-360/manage-and-protect-identities/case-studies/shield-restraint-systems-adaudit-plus.html,"study, adap, adaudit plus, case, shield"
286,ADAudit Plus,Mahidhar Adarsh M,growth-marketing@zohocorp.com,Case study,Case study of Kuwait Investment Authority,Case study of Kuwait Investment Authority,,Up-to-date,2023,https://www.manageengine.com/active-directory-360/manage-and-protect-identities/case-studies/robust-security-compliance-for-kia.html,"study, adap, adaudit plus, case, kuwait"
287,ADAudit Plus,Mahidhar Adarsh M,growth-marketing@zohocorp.com,Case study,Case study of Riverside County,Case study of Riverside County,,Up-to-date,Pre-2022,https://www.manageengine.com/active-directory-360/manage-and-protect-identities/case-studies/riverside-county-case-study-adaudit-plus.html,"study, adap, riverside, adaudit plus, case"
288,ADAudit Plus,Mahidhar Adarsh M,growth-marketing@zohocorp.com,Case study,Case study of Reedsburg Area Medical Center,Case study of Reedsburg Area Medical Center,,Up-to-date,2023,https://www.manageengine.com/active-directory-360/manage-and-protect-identities/case-studies/reedsburg-area-medical-center.html,"study, adap, adaudit plus, case, reedsburg"
289,ADAudit Plus,Mahidhar Adarsh M,growth-marketing@zohocorp.com,Case study,Case study of RBL Bank,Case study of RBL Bank,,Up-to-date,2023,https://www.manageengine.com/active-directory-360/manage-and-protect-identities/case-studies/rbls-hassle-free-ad-auditing-with-adaudit-plus.html,"rbl, study, adap, adaudit plus, case"
290,ADAudit Plus,Mahidhar Adarsh M,growth-marketing@zohocorp.com,Case study,Case study of R&O Construction,Case study of R&O Construction,,Up-to-date,2024,https://www.manageengine.com/active-directory-360/manage-and-protect-identities/case-studies/r-and-o-construction-and-adaudit-plus.html,"study, adap, adaudit plus, case, construction"
291,ADAudit Plus,Mahidhar Adarsh M,growth-marketing@zohocorp.com,Case study,Case study of IPO-Porto,Case study of IPO-Porto,,Up-to-date,2024,https://www.manageengine.com/active-directory-360/manage-and-protect-identities/case-studies/portuguese-oncology-institute-of-porto.html,"study, adap, adaudit plus, ipo, case"
292,ADAudit Plus,Mahidhar Adarsh M,growth-marketing@zohocorp.com,Case study,Case study of Phelps Clifton Springs CSD,Case study of Phelps Clifton Springs CSD,,Up-to-date,2024,https://www.manageengine.com/active-directory-360/manage-and-protect-identities/case-studies/phelps-clifton-springs-csd-and-adaudit-plus.html,"study, adap, adaudit plus, case, phelps"
293,ADAudit Plus,Mahidhar Adarsh M,growth-marketing@zohocorp.com,Case study,Case study of Parametric Solutions,Case study of Parametric Solutions,,Up-to-date,2024,https://www.manageengine.com/active-directory-360/manage-and-protect-identities/case-studies/parametric-solutions-inc-psi-and-adaudit-plus.html,"study, adap, parametric, adaudit plus, case"
294,ADAudit Plus,Mahidhar Adarsh M,growth-marketing@zohocorp.com,Case study,Case study of Pacific Canbriam Energy,Case study of Pacific Canbriam Energy,,Up-to-date,2024,https://www.manageengine.com/active-directory-360/manage-and-protect-identities/case-studies/pacific-canbriam-energy-and-adaudit-plus.html,"study, adap, adaudit plus, case, pacific"
295,ADAudit Plus,Mahidhar Adarsh M,growth-marketing@zohocorp.com,Case study,Case study of Mississippi Gaming Commission,Case study of Mississippi Gaming Commission,,Up-to-date,2024,https://www.manageengine.com/active-directory-360/manage-and-protect-identities/case-studies/mississippi-gaming-commission-and-adaudit-plus.html,"study, adap, adaudit plus, case, mississippi"
296,ADAudit Plus,Mahidhar Adarsh M,growth-marketing@zohocorp.com,Case study,Case study of Midland Heart,Case study of Midland Heart,,Up-to-date,2023,https://www.manageengine.com/active-directory-360/manage-and-protect-identities/case-studies/midland-heart-uses-adaudit-plus-to-effectively-monitor-ad-environment.html,"study, adap, adaudit plus, case, midland"
297,ADAudit Plus,Mahidhar Adarsh M,growth-marketing@zohocorp.com,Case study,Case study of LifeCare Assurance,Case study of LifeCare Assurance,,Up-to-date,2024,https://www.manageengine.com/active-directory-360/manage-and-protect-identities/case-studies/lifecare-assurance-adaudit-plus.html,"study, adap, adaudit plus, case, lifecare"
298,ADAudit Plus,Mahidhar Adarsh M,growth-marketing@zohocorp.com,Case study,Case study of Kirksey Architecture,Case study of Kirksey Architecture,,Up-to-date,2024,https://www.manageengine.com/active-directory-360/manage-and-protect-identities/case-studies/kirksey-architecture-and-adaudit-plus.html,"study, adap, adaudit plus, case, kirksey"
299,ADAudit Plus,Mahidhar Adarsh M,growth-marketing@zohocorp.com,Case study,Case study of Saudi National Bank,Case study of Saudi National Bank,,Up-to-date,2023,https://www.manageengine.com/active-directory-360/manage-and-protect-identities/case-studies/it-security-and-compliance-for-saudi-national-bank.html,"study, adap, saudi, adaudit plus, case"
300,ADAudit Plus,Mahidhar Adarsh M,growth-marketing@zohocorp.com,Case study,Case study of Net Group,Case study of Net Group,,Up-to-date,2023,https://www.manageengine.com/active-directory-360/manage-and-protect-identities/case-studies/it-security-and-compliance-for-net-group-italy.html,"study, adap, adaudit plus, case, net"
301,ADAudit Plus,Mahidhar Adarsh M,growth-marketing@zohocorp.com,Case study,Case study of Aristocrat,Case study of Aristocrat,,Up-to-date,2023,https://www.manageengine.com/active-directory-360/manage-and-protect-identities/case-studies/it-security-and-compliance-for-aristocrat-technologies.html,"study, adap, adaudit plus, case, aristocrat"
302,ADAudit Plus,Mahidhar Adarsh M,growth-marketing@zohocorp.com,Case study,Case study of IT Hero,Case study of IT Hero,,Up-to-date,2023,https://www.manageengine.com/active-directory-360/manage-and-protect-identities/case-studies/it-hero-turkey-streamlines-it-operations-with-adaudit-plus.html,"study, adap, hero, adaudit plus, case"
303,ADAudit Plus,Mahidhar Adarsh M,growth-marketing@zohocorp.com,Case study,Case study of Egyptian General Petroleum Corporation,Case study of Egyptian General Petroleum Corporation,,Up-to-date,2023,https://www.manageengine.com/active-directory-360/manage-and-protect-identities/case-studies/improved-user-login-monitoring-for-egpc.html,"study, adap, adaudit plus, case, egyptian"
304,ADAudit Plus,Mahidhar Adarsh M,growth-marketing@zohocorp.com,Case study,Case study of Inter IKEA Group,Case study of Inter IKEA Group,,Up-to-date,2024,https://www.manageengine.com/active-directory-360/manage-and-protect-identities/case-studies/ikea-and-adaudit-plus.html,"study, adap, adaudit plus, case, inter"
305,ADAudit Plus,Mahidhar Adarsh M,growth-marketing@zohocorp.com,Case study,Case study of GPC Electronics Pty Ltd.,Case study of GPC Electronics Pty Ltd.,,Up-to-date,2024,https://www.manageengine.com/active-directory-360/manage-and-protect-identities/case-studies/gpc-electronics-adaudit-plus.html,"study, adap, adaudit plus, case, gpc"
306,ADAudit Plus,Mahidhar Adarsh M,growth-marketing@zohocorp.com,Case study,Case study of Fortune Brands Home Innovations,Case study of Fortune Brands Home Innovations,,Up-to-date,2024,https://www.manageengine.com/active-directory-360/manage-and-protect-identities/case-studies/fortune-brands-innovations-and-adaudit-plus.html,"study, adap, adaudit plus, case, fortune"
307,ADAudit Plus,Mahidhar Adarsh M,growth-marketing@zohocorp.com,Case study,Case study of Zignago Holding,Case study of Zignago Holding,,Up-to-date,2023,https://www.manageengine.com/active-directory-360/manage-and-protect-identities/case-studies/file-tracking-and-monitoring-for-zignago-servizi.html,"study, adap, adaudit plus, case, zignago"
308,ADAudit Plus,Mahidhar Adarsh M,growth-marketing@zohocorp.com,Case study,Case study of Waha Capital,Case study of Waha Capital,,Up-to-date,2023,https://www.manageengine.com/active-directory-360/manage-and-protect-identities/case-studies/file-server-monitoring-for-waha-capital-pjsc.html,"study, adap, adaudit plus, case, waha"
309,ADAudit Plus,Mahidhar Adarsh M,growth-marketing@zohocorp.com,Case study,Case study of IDS Engineering Group,Case study of IDS Engineering Group,,Up-to-date,2023,https://www.manageengine.com/active-directory-360/manage-and-protect-identities/case-studies/file-server-auditing-for-ids-group.html,"study, ids, adap, adaudit plus, case"
310,ADAudit Plus,Mahidhar Adarsh M,growth-marketing@zohocorp.com,Case study,Case study of Exquisite Apparel,Case study of Exquisite Apparel,,Up-to-date,2024,https://www.manageengine.com/active-directory-360/manage-and-protect-identities/case-studies/exquisite-apparel-adaudit-plus.html,"study, adap, exquisite, adaudit plus, case"
311,ADAudit Plus,Mahidhar Adarsh M,growth-marketing@zohocorp.com,Case study,Case study of Expertech,Case study of Expertech,,Up-to-date,2024,https://www.manageengine.com/active-directory-360/manage-and-protect-identities/case-studies/expertech-and-adaudit-plus.html,"study, adap, adaudit plus, case, expertech"
312,ADAudit Plus,Mahidhar Adarsh M,growth-marketing@zohocorp.com,Case study,Case study of Everglades Equipment Group,Case study of Everglades Equipment Group,,Up-to-date,2024,https://www.manageengine.com/active-directory-360/manage-and-protect-identities/case-studies/everglades-equipment-group-and-adaudit-plus.html,"study, adap, adaudit plus, case, everglades"
313,ADAudit Plus,Mahidhar Adarsh M,growth-marketing@zohocorp.com,Case study,Case study of Simple IT Solutions,Case study of Simple IT Solutions,,Up-to-date,2023,https://www.manageengine.com/active-directory-360/manage-and-protect-identities/case-studies/enhancing-security-compliance-with-adaudit-plus-case-study.html,"study, adap, adaudit plus, case, simple"
314,ADAudit Plus,Mahidhar Adarsh M,growth-marketing@zohocorp.com,Case study,Case study of Digtral,Case study of Digtral,,Up-to-date,2023,https://www.manageengine.com/active-directory-360/manage-and-protect-identities/case-studies/enhancing-security-compliance-at-digitral-with-adaudit-plus.html,"study, adap, adaudit plus, case, digtral"
315,ADAudit Plus,Mahidhar Adarsh M,growth-marketing@zohocorp.com,Case study,Case study of Commercial Bank International,Case study of Commercial Bank International,,Up-to-date,2023,https://www.manageengine.com/active-directory-360/manage-and-protect-identities/case-studies/enhancing-control-and-visibility-with-adaudit-plus.html,"study, adap, adaudit plus, case, commercial"
316,ADAudit Plus,Mahidhar Adarsh M,growth-marketing@zohocorp.com,Case study,Case study of Eggar's School,Case study of Eggar's School,,Up-to-date,2025,https://www.manageengine.com/active-directory-360/manage-and-protect-identities/case-studies/eggars-school-and-adaudit-plus.html,"eggar, study, adap, adaudit plus, case"
317,ADAudit Plus,Mahidhar Adarsh M,growth-marketing@zohocorp.com,Case study,Case study of East Hartford Public Schools,Case study of East Hartford Public Schools,,Up-to-date,2024,https://www.manageengine.com/active-directory-360/manage-and-protect-identities/case-studies/east-hartford-public-schools-adaudit-plus.html,"study, adap, adaudit plus, case, east"
318,ADAudit Plus,Mahidhar Adarsh M,growth-marketing@zohocorp.com,Case study,Case study of NHS,Case study of NHS,,Up-to-date,2023,https://www.manageengine.com/active-directory-360/manage-and-protect-identities/case-studies/east-and-north-herts-ccg-enhanced-security-compliance-with-adauditplus.html,"study, adap, adaudit plus, nhs, case"
319,ADAudit Plus,Mahidhar Adarsh M,growth-marketing@zohocorp.com,Case study,Case study of Digital 14,Case study of Digital 14,,Up-to-date,2023,https://www.manageengine.com/active-directory-360/manage-and-protect-identities/case-studies/digital14-enhances-its-security-game-with-adaudit-plus.html,"digital, study, adap, adaudit plus, case"
320,ADAudit Plus,Mahidhar Adarsh M,growth-marketing@zohocorp.com,Case study,Case study of Deloitte,Case study of Deloitte,,Up-to-date,2023,https://www.manageengine.com/active-directory-360/manage-and-protect-identities/case-studies/deloittes-it-security-transformation-with-adaudit-plus.html,"study, deloitte, adap, adaudit plus, case"
321,ADAudit Plus,Mahidhar Adarsh M,growth-marketing@zohocorp.com,Case study,Case study of African + Eastern,Case study of African + Eastern,,Up-to-date,2023,https://www.manageengine.com/active-directory-360/manage-and-protect-identities/case-studies/complete-visibility-and-monitoring-over-ad-using-adaudit-plus.html,"study, adap, adaudit plus, case, african"
322,ADAudit Plus,Mahidhar Adarsh M,growth-marketing@zohocorp.com,Case study,Case study of City of Ecorse,Case study of City of Ecorse,,Up-to-date,2024,https://www.manageengine.com/active-directory-360/manage-and-protect-identities/case-studies/city-of-ecorse-and-adaudit-plus.html,"study, adap, adaudit plus, case, city"
323,ADAudit Plus,Mahidhar Adarsh M,growth-marketing@zohocorp.com,Case study,Case study of Charlotte Regional Visitors Authority,Case study of Charlotte Regional Visitors Authority,,Up-to-date,2024,https://www.manageengine.com/active-directory-360/manage-and-protect-identities/case-studies/charlotte-regional-visitors-authority-and-adaudit-plus.html,"study, adap, charlotte, adaudit plus, case"
324,ADAudit Plus,Mahidhar Adarsh M,growth-marketing@zohocorp.com,Case study,Case study of Cenevia Health,Case study of Cenevia Health,,Up-to-date,2024,https://www.manageengine.com/active-directory-360/manage-and-protect-identities/case-studies/cenevia-health-and-adaudit-plus.html,"study, adap, adaudit plus, case, cenevia"
325,ADAudit Plus,Mahidhar Adarsh M,growth-marketing@zohocorp.com,Case study,Case study of Budney Industries,Case study of Budney Industries,,Up-to-date,2024,https://www.manageengine.com/active-directory-360/manage-and-protect-identities/case-studies/budney-industries-and-adaudit-plus.html,"study, adap, budney, adaudit plus, case"
326,ADAudit Plus,Mahidhar Adarsh M,growth-marketing@zohocorp.com,Case study,Case study of Brevard County Clerk of Courts,Case study of Brevard County Clerk of Courts,,Up-to-date,2024,https://www.manageengine.com/active-directory-360/manage-and-protect-identities/case-studies/brevard-county-clerk-of-courts-and-adaudit-plus.html,"study, adap, adaudit plus, case, brevard"
327,ADAudit Plus,Mahidhar Adarsh M,growth-marketing@zohocorp.com,Case study,Case study of Boels Rental,Case study of Boels Rental,,Up-to-date,2024,https://www.manageengine.com/active-directory-360/manage-and-protect-identities/case-studies/boels-rental-and-adaudit-plus.html,"study, adap, adaudit plus, case, boels"
328,ADAudit Plus,Mahidhar Adarsh M,growth-marketing@zohocorp.com,Case study,Case study of Blue Cross and Blue Shield of MN,Case study of Blue Cross and Blue Shield of MN,,Up-to-date,2024,https://www.manageengine.com/active-directory-360/manage-and-protect-identities/case-studies/blue-cross-and-blue-shield-of-minnesota.html,"study, adap, adaudit plus, case, blue"
329,ADAudit Plus,Mahidhar Adarsh M,growth-marketing@zohocorp.com,Case study,Case study of Behbehani Motors Company,Case study of Behbehani Motors Company,,Up-to-date,2024,https://www.manageengine.com/active-directory-360/manage-and-protect-identities/case-studies/behbehani-motors-company-adaudit-plus.html,"study, behbehani, adap, adaudit plus, case"
330,ADAudit Plus,Mahidhar Adarsh M,growth-marketing@zohocorp.com,Case study,Case study of BDCon,Case study of BDCon,,Up-to-date,2024,https://www.manageengine.com/active-directory-360/manage-and-protect-identities/case-studies/bdcon-and-adaudit-plus.html,"study, adap, adaudit plus, case, bdcon"
331,ADAudit Plus,Mahidhar Adarsh M,growth-marketing@zohocorp.com,Case study,Case study of Baker Ross,Case study of Baker Ross,,Up-to-date,2024,https://www.manageengine.com/active-directory-360/manage-and-protect-identities/case-studies/baker-ross-and-adaudit-plus.html,"study, adap, adaudit plus, case, baker"
332,ADAudit Plus,Mahidhar Adarsh M,growth-marketing@zohocorp.com,Case study,Case study of Avo Photonics,Case study of Avo Photonics,,Up-to-date,2024,https://www.manageengine.com/active-directory-360/manage-and-protect-identities/case-studies/avo-photonics-and-adaudit-plus.html,"study, adap, adaudit plus, case, avo"
333,ADAudit Plus,Mahidhar Adarsh M,growth-marketing@zohocorp.com,Case study,Case study of Wafi Group,Case study of Wafi Group,,Up-to-date,2023,https://www.manageengine.com/active-directory-360/manage-and-protect-identities/case-studies/automated-active-directory-monitoring-for-mkm-commercial-holdings.html,"study, adap, adaudit plus, case, wafi"
334,ADAudit Plus,Mahidhar Adarsh M,growth-marketing@zohocorp.com,Case study,Case study of Assura,Case study of Assura,,Up-to-date,2023,https://www.manageengine.com/active-directory-360/manage-and-protect-identities/case-studies/assura-simplifies-compliance-and-ad-monitoring-with-adaudit-plus.html,"study, adap, adaudit plus, case, assura"
335,ADAudit Plus,Mahidhar Adarsh M,growth-marketing@zohocorp.com,Case study,Case study of L&T,Case study of L&T,,Up-to-date,2023,https://www.manageengine.com/active-directory-360/manage-and-protect-identities/case-studies/adudit-plus-solves-real-time-monitoring-needs-of-larsen-and-turbo.html,"adaudit plus, case, adap, study"
336,ADAudit Plus,Mahidhar Adarsh M,growth-marketing@zohocorp.com,Case study,Case study of Cytel,Case study of Cytel,,Up-to-date,2023,https://www.manageengine.com/active-directory-360/manage-and-protect-identities/case-studies/adauditplus-simplified-security-compliance-for-cytel.html,"study, cytel, adap, adaudit plus, case"
337,ADAudit Plus,Mahidhar Adarsh M,growth-marketing@zohocorp.com,Case study,Case study of Câmara Municipal do Porto,Case study of Câmara Municipal do Porto,,Up-to-date,2023,https://www.manageengine.com/active-directory-360/manage-and-protect-identities/case-studies/adaudit-plus-streamlines-it-auditing-for-camara-municipal-do-porto.html,"study, adap, adaudit plus, case, câmara"
338,ADAudit Plus,Mahidhar Adarsh M,growth-marketing@zohocorp.com,Case study,Case study of KoçSistem,Case study of KoçSistem,,Up-to-date,2023,https://www.manageengine.com/active-directory-360/manage-and-protect-identities/case-studies/adaudit-plus-simplifies-ad-operations-for-kocsistem.html,"study, adap, adaudit plus, case, koçsistem"
339,ADAudit Plus,Mahidhar Adarsh M,growth-marketing@zohocorp.com,Case study,Case study of Plastipak,Case study of Plastipak,,Up-to-date,2023,https://www.manageengine.com/active-directory-360/manage-and-protect-identities/case-studies/adaudit-plus-helps-plastipak-to-improve-it-security-and-compliance.html,"study, adap, adaudit plus, case, plastipak"
340,ADAudit Plus,Mahidhar Adarsh M,growth-marketing@zohocorp.com,Case study,Case study of Cashmere Valley Bank,Case study of Cashmere Valley Bank,,Up-to-date,2023,https://www.manageengine.com/active-directory-360/manage-and-protect-identities/case-studies/adaudit-plus-helps-cashmere-valley-banl-to-improve-ad-security.html,"study, cashmere, adap, adaudit plus, case"
341,ADAudit Plus,Mahidhar Adarsh M,growth-marketing@zohocorp.com,Case study,Case study of Tel Aviv Muni,Case study of Tel Aviv Muni,,Up-to-date,2023,https://www.manageengine.com/active-directory-360/manage-and-protect-identities/case-studies/adaudit-plus-ensures-security-compliance-for-tel-aviv-muni.html,"study, adap, adaudit plus, case, tel"
342,ADAudit Plus,Mahidhar Adarsh M,growth-marketing@zohocorp.com,Case study,Case study of Ithala,Case study of Ithala,,Up-to-date,2023,https://www.manageengine.com/active-directory-360/manage-and-protect-identities/case-studies/adaudit-plus-empowers-security-monitoring-for-ithala.html,"study, adap, adaudit plus, case, ithala"
343,ADAudit Plus,Mahidhar Adarsh M,growth-marketing@zohocorp.com,Case study,Case study of Guardian Group,Case study of Guardian Group,,Up-to-date,2023,https://www.manageengine.com/active-directory-360/manage-and-protect-identities/case-studies/adaudit-plus-boosts-control-over-guardian-groups-ad-environment.html,"guardian, study, adap, adaudit plus, case"
344,ADAudit Plus,Mahidhar Adarsh M,growth-marketing@zohocorp.com,Case study,Case study of Société de transport de Montréal,Case study of Société de transport de Montréal,,Up-to-date,2023,https://www.manageengine.com/active-directory-360/manage-and-protect-identities/case-studies/ad-reporting-and-compliance-for-societe-de-transport-de-montreal.html,"study, adap, adaudit plus, case, société"
345,ADAudit Plus,Mahidhar Adarsh M,growth-marketing@zohocorp.com,Case study,Case study of Tharwox,Case study of Tharwox,,Up-to-date,2023,https://www.manageengine.com/active-directory-360/manage-and-protect-identities/case-studies/ad-auditplus-simplies-tharwrox-ad-environment.html,"study, adap, adaudit plus, case, tharwox"
346,ADAudit Plus,Mahidhar Adarsh M,growth-marketing@zohocorp.com,Case study,Case study of Asset Protection Unit,Case study of Asset Protection Unit,,Up-to-date,2023,https://www.manageengine.com/active-directory-360/manage-and-protect-identities/case-studies/active-directory-auditing-for-asset-protection-unit.html,"study, adap, adaudit plus, case, asset"
347,ADAudit Plus,Mahidhar Adarsh M,growth-marketing@zohocorp.com,Case study,Case study of Whiteside County Health Department,Case study of Whiteside County Health Department,,Up-to-date,2024,https://manageengine.com/active-directory-360/manage-and-protect-identities/case-studies/whiteside-county-health-department-and-adaudit-plus.html,"study, adap, adaudit plus, case, whiteside"
348,ADAudit Plus,Mahidhar Adarsh M,growth-marketing@zohocorp.com,Case study,Case study of Viaflex,Case study of Viaflex,,Up-to-date,2024,https://manageengine.com/active-directory-360/manage-and-protect-identities/case-studies/viaflex-and-adaudit-plus.html,"study, adap, viaflex, adaudit plus, case"
349,ADAudit Plus,Mahidhar Adarsh M,growth-marketing@zohocorp.com,Case study,Case study of SEA Gas,Case study of SEA Gas,,Up-to-date,2024,https://manageengine.com/active-directory-360/manage-and-protect-identities/case-studies/sea-gas-and-adaudit-plus.html,"study, adap, adaudit plus, case, sea"
350,ADAudit Plus,Mahidhar Adarsh M,growth-marketing@zohocorp.com,Case study,Case study of Merchsource LLC,Case study of Merchsource LLC,,Up-to-date,2024,https://manageengine.com/active-directory-360/manage-and-protect-identities/case-studies/merchsource-llc-and-adaudit-plus.html,"study, merchsource, adap, adaudit plus, case"
351,ADAudit Plus,Mahidhar Adarsh M,growth-marketing@zohocorp.com,Case study,Case study of KEBA Industrial Automation GmbH,Case study of KEBA Industrial Automation GmbH,,Up-to-date,2024,https://manageengine.com/active-directory-360/manage-and-protect-identities/case-studies/keba-uses-adaudit-plus-for-efficient-ad-auditing.html,"keba, study, adap, adaudit plus, case"
352,ADAudit Plus,Mahidhar Adarsh M,growth-marketing@zohocorp.com,Case study,Case study of Forchelli Deegan Terrana LLP,Case study of Forchelli Deegan Terrana LLP,,Up-to-date,2024,https://manageengine.com/active-directory-360/manage-and-protect-identities/case-studies/forchelli-deegan-terrana-law-combats-threats-with-adaudit-plus.html,"study, adap, adaudit plus, case, forchelli"
353,ADAudit Plus,Mahidhar Adarsh M,growth-marketing@zohocorp.com,Case study,Case study of California Fine Wire Company,Case study of California Fine Wire Company,,Up-to-date,2024,https://manageengine.com/active-directory-360/manage-and-protect-identities/case-studies/california-fine-wire-and-adaudit-plus.html,"california, study, adap, adaudit plus, case"
354,ADAudit Plus,Mahidhar Adarsh M,growth-marketing@zohocorp.com,Case study,Case study of IPTel Solutions Pty Ltd,Case study of IPTel Solutions Pty Ltd,,Up-to-date,2024,https://manageengine.com/active-directory-360/manage-and-protect-identities/case-studies/adaudit-plus-helps-iptel-solutions-achieve-iso-27001-compliance.html,"study, adap, adaudit plus, case, iptel"
355,ADSelfService Plus,Radhakrishnan,adssp-marketing@zohocorp.com,Brochure or flyer,Brochure,"A PDF with 2-3 pages that gives an overview of the product, its features, and benefits, and basic pricing/licensing details.",,Under update,May 2023,https://download.manageengine.com/products/self-service-password/ad-self-service-plus-brochure.pdf?whitepaper,"adselfservice plus, brochure, pages, adssp, pdf"
356,ADSelfService Plus,Radhakrishnan,adssp-marketing@zohocorp.com,Datasheet,Datasheet,"A PDF with 2-3 pages that gives an overview of the product, its features, and technical details such as system requirements.",,Under update,May 2023,https://download.manageengine.com/products/self-service-password/ad-self-service-plus-data-sheet.pdf?whitepaper,"adselfservice plus, pages, datasheet, adssp, pdf"
357,ADSelfService Plus,Radhakrishnan,adssp-marketing@zohocorp.com,Presentation,Comprehensive slide deck,"PPT with 40 slides giving an overview of the product, its features, benefits, etc.",,Up-to-date,Feb 2025,https://www.manageengine.com/products/self-service-password/managengine-adselfservice-plus-overview.pptx?whitepaper,"adselfservice plus, comprehensive, slide, adssp, deck"
358,ADSelfService Plus,Radhakrishnan,adssp-marketing@zohocorp.com,Presentation,MFA slide deck,"PPT focusing on the MFA feature and its advantages,.",,Up-to-date,Feb 2025,https://www.manageengine.com/products/self-service-password/adselfservice-plus-mfa-slide-deck.pptx?whitepaper,"adselfservice plus, slide, mfa, deck, adssp"
359,ADSelfService Plus,Radhakrishnan,adssp-marketing@zohocorp.com,Presentation,Slide deck on SSPR,"PPT focusing on the SSPR feature, its advantages, and its elements",,Up-to-date,Feb 2025,https://workdrive.zoho.com/file/70arxe28ce20a9a0442c0aac50ee8ec913e1e,"adselfservice plus, slide, deck, adssp, sspr"
360,ADSelfService Plus,Radhakrishnan,adssp-marketing@zohocorp.com,Presentation,Slide deck on PPE,"PPT focusing on the PPE feature, its advantages, and its elements",,Up-to-date,Feb 2025,https://workdrive.zoho.com/file/70arx6d0cf184127b4d37aa4bdede5961cc99,"adselfservice plus, slide, adssp, deck, ppe"
361,ADSelfService Plus,Radhakrishnan,adssp-marketing@zohocorp.com,Presentation,Slide deck on enterprise self-service,"PPT focusing on the enterprise self-service feature, its advantages, and its elements",,Up-to-date,Feb 2025,https://workdrive.zoho.com/file/70arxf7b6f56a5e2f4d95995dd47c8e0e2f39,"self, adselfservice plus, service, enterprise, adssp"
362,ADSelfService Plus,Radhakrishnan,adssp-marketing@zohocorp.com,Presentation,Slide deck on SSO,"PPT focusing on the SSO feature, its advantages, and its elements",,Up-to-date,Feb 2025,https://workdrive.zoho.com/file/70arx94af8706cd884b9bbb503212495d7ede,"adselfservice plus, slide, deck, adssp, sso"
363,ADSelfService Plus,Radhakrishnan,adssp-marketing@zohocorp.com,Presentation,Slide deck on remote work enablement,"PPT focusing on the remote work enablement feature, its advantages, and its elements",,Up-to-date,Feb 2025,https://workdrive.zoho.com/file/70arx964be067012f4a2aa75cadd66cd66e9c,"adselfservice plus, enablement, work, adssp, remote"
364,ADSelfService Plus,Radhakrishnan,adssp-marketing@zohocorp.com,Presentation,Slide deck for education institutions,PPT focusing on how ADSSP benefits the education sector,,Up-to-date,Feb 2025,https://workdrive.zoho.com/file/70arx4ad60a189a594214b17c485667df075a,"adselfservice plus, slide, education, deck, adssp"
365,ADSelfService Plus,Radhakrishnan,adssp-marketing@zohocorp.com,Presentation,Slide deck for healthcare instituitions,PPT focusing on how ADSSP benefits the healthcare sector,,Up-to-date,Feb 2025,https://workdrive.zoho.com/file/70arx82cc8893f54145f58267275730240e6a,"adselfservice plus, slide, healthcare, deck, adssp"
366,ADSelfService Plus,Radhakrishnan,adssp-marketing@zohocorp.com,Other,Battlecard,"A PDF that shows where the product stands in the current market and how to pitch the product to a lead.
Note: For internal and reseller consumption only.",,Up-to-date,Aug 2024,https://workdrive.zoho.com/file/u61r73505cd5664b64a3981441a6ef40b7714,"adselfservice plus, battlecard, shows, adssp, pdf"
367,ADSelfService Plus,Radhakrishnan,adssp-marketing@zohocorp.com,Other,ROI calculator,A webpage that shows the ROI of the product.,,Under update,July 2021,https://www.manageengine.com/products/self-service-password/adselfserviceplus-roi-calculator.html,"adselfservice plus, calculator, roi, adssp, webpage"
368,ADSelfService Plus,Radhakrishnan,adssp-marketing@zohocorp.com,Technical Document,Use cases document,A PDF that lists the important use cases the product addresses.,,Up-to-date,Feb 2025,https://workdrive.zoho.com/file/s3z7c06fb1a26912244e98ddc5ebc99fcf240,"adselfservice plus, cases, adssp, pdf, use"
369,ADSelfService Plus,Radhakrishnan,adssp-marketing@zohocorp.com,Datasheet,ADSSP sales cheat sheet,"A PDF that talks about customer pain points, use cases, business benefits, and so on.",,Up-to-date,June 2024,https://workdrive.zoho.com/file/5drhz59b360168c2547bfb8bb3e2e2f9e3769,"cheat, adselfservice plus, sales, sheet, adssp"
370,ADSelfService Plus,Radhakrishnan,adssp-marketing@zohocorp.com,Datasheet,Endpoint MFA sales cheat sheet,"A PDF that talks about customer pain points, use cases, business benefits, and so on.",,Up-to-date,August 2024,https://workdrive.zoho.com/file/70arx2b189503f7054f7087d23f1af4536393,"endpoint, adselfservice plus, mfa, sales, adssp"
371,ADSelfService Plus,Radhakrishnan,adssp-marketing@zohocorp.com,Technical Document,Admin guide,"Provides you the details of system requirements, product installation and start up. Guides you in configuring ADSelfService Plus and provides the steps to use all the features.",,Up-to-date,Feb 2025,https://www.manageengine.com/products/self-service-password/help/admin-guide/index.html,"adselfservice plus, admin, details, provides, adssp"
372,ADSelfService Plus,Radhakrishnan,adssp-marketing@zohocorp.com,Technical Document,Architecture guide,Provides information how  each module of ADSelfService Plus works with AD.,,Up-to-date,Dec 2024,https://www.manageengine.com/products/self-service-password/adselfservice-plus-solution-architecture.pdf,"information, adselfservice plus, architecture, provides, adssp"
373,ADSelfService Plus,Radhakrishnan,adssp-marketing@zohocorp.com,Technical Document,Permissions guide,"Provides the minimum permmissions required by ADSelfService Plus for seamless functioning,",,Up-to-date,Oct 2023,https://www.manageengine.com/products/self-service-password/adselfservice-plus-privileges-permissions-requirement-guide.pdf,"adselfservice plus, minimum, permissions, provides, adssp"
374,ADSelfService Plus,Radhakrishnan,adssp-marketing@zohocorp.com,Technical Document,Securing ADSelfService Plus installation folder,This document provides the steps needed to improve the security for your ADSelfService Plus installation,,Up-to-date,Apr 2024,https://download.manageengine.com/products/self-service-password/securing-adselfservice-plus-installation.pdf,"adselfservice plus, securing, adssp, installation, adselfservice"
375,ADSelfService Plus,Radhakrishnan,adssp-marketing@zohocorp.com,Technical Document,Post-deployment security measures guide,Lists the security practices to be followed after ADSelfService Plus is setup,,Up-to-date,Jan 2025,https://download.manageengine.com/products/self-service-password/adselfservice-plus-evaluator-guide.pdf,"post, adselfservice plus, security, adssp, deployment"
376,ADSelfService Plus,Radhakrishnan,adssp-marketing@zohocorp.com,Technical Document,RFP template,This is a detailed request for proposal document that describes the features of ADSelfService Plus.,,Up-to-date,July 2024,https://workdrive.zoho.com/file/5i8xtd10fff2eb35d498fb5da2575ad356ebf,"adselfservice plus, template, detailed, adssp, rfp"
377,ADSelfService Plus,Radhakrishnan,adssp-marketing@zohocorp.com,Technical Document,SOW template,This document details the activities that will be a part of ADSelfService Plus implementation.,,To be updated,Feb 2024,https://workdrive.zoho.com/file/5i8xtf63960fdb5f64372971082b89d28387d,"adselfservice plus, template, details, adssp, sow"
378,ADSelfService Plus,Radhakrishnan,adssp-marketing@zohocorp.com,Technical Document,VPAT,"The purpose of the Voluntary Product Accessibility Template, or VPAT™, is to
assist Federal contracting officials and other buyers in making preliminary 
assessments regarding the availability of commercial “Electronic and Information
Technology” products and services with features that support accessibility.",,Up-to-date,Dec 2024,https://workdrive.zoho.com/file/70arxc916ceea82ea4da7919ad7809d6f0388,"purpose, adselfservice plus, adssp, accessibility, vpat"
379,ADSelfService Plus,Radhakrishnan,adssp-marketing@zohocorp.com,Technical Document,Evaluator's guide,Details the configuration process for the product evaluation period,,Up-to-date,Jan 2025,https://download.manageengine.com/products/self-service-password/adselfservice-plus-evaluator-guide.pdf,"adselfservice plus, evaluator, details, adssp, configuration"
380,ADSelfService Plus,Radhakrishnan,adssp-marketing@zohocorp.com,,MECPA,Questionnaire to be used for MECPA certification. Includes a few mock questions.,,Up-to-date,Feb 2025,https://writer.zoho.com/writer/open/8k38a3b1f0f30933a4dd98ac8232eebf69706,"questionnaire, adselfservice plus, used, mecpa, adssp"
381,ADSelfService Plus,Radhakrishnan,adssp-marketing@zohocorp.com,,MECPP,Questionnaire to be used for MECPA certification. Includes a few mock questions.,,Up-to-date,Feb 2025,https://writer.zoho.com/writer/open/8k38a3b1f0f30933a4dd98ac8232eebf69706,"questionnaire, adselfservice plus, used, mecpp, adssp"
382,ADSelfService Plus,Radhakrishnan,adssp-marketing@zohocorp.com,Technical Document,ME certification training guide,Training material for those who want to take up MECPA or MECPP exams.,,Up-to-date,Feb 2025,https://writer.zoho.com/writer/open/q4tpj2c14f4562fcd4ccabecd833865e55806,"certification, adselfservice plus, training, adssp, material"
383,ADSelfService Plus,Radhakrishnan,adssp-marketing@zohocorp.com,Technical Document,Guide to integrate ADSelfService Plus with SharePoint,Explains how to integrate ADSelfService Plus with Sharepoint,,Up-to-date,Apr 2024,https://download.manageengine.com/products/self-service-password/adselfservice-plus-integration-with-sharepoint.pdf,"adselfservice plus, sharepoint, adssp, integrate, adselfservice"
384,ADSelfService Plus,Radhakrishnan,adssp-marketing@zohocorp.com,Technical Document,Guide to integrate ADSelfService Plus with Outlook Web Access (OWA),Explains how to integrate ADSelfService Plus with OWA,,Up-to-date,Apr 2024,https://download.manageengine.com/products/self-service-password/adssp-owa-integration.pdf,"owa, adselfservice plus, adssp, integrate, adselfservice"
385,ADSelfService Plus,Radhakrishnan,adssp-marketing@zohocorp.com,Technical Document,Migration guide,Explains the server migration process for ADSelfService Plus,,Up-to-date,Apr 2024,https://download.manageengine.com/products/self-service-password/adselfservice-plus-migration-guide.pdf,"explains, adselfservice plus, server, adssp, migration"
386,ADSelfService Plus,Radhakrishnan,adssp-marketing@zohocorp.com,Technical Document,High availability guide,Details how to set up high availability in ADSelfService Plus,,Up-to-date,Dec 2024,https://download.manageengine.com/products/self-service-password/adselfservice-plus-high-availability-configuration-guide.pdf,"adselfservice plus, details, high, adssp, availability"
387,ADSelfService Plus,Radhakrishnan,adssp-marketing@zohocorp.com,Technical Document,Load balancing guide,Details how to set up load balancing in ADSelfService Plus,,To be created,,,"adselfservice plus, load, details, balancing, adssp"
388,ADSelfService Plus,Radhakrishnan,adssp-marketing@zohocorp.com,Technical Document,Reverse proxy setup using AD360,Details how to set up reverse proxy for ADSSP using AD360,,Up-to-date,Dec 2024,https://download.manageengine.com/products/self-service-password/adselfservice-plus-reverse-proxy-using-ad360.pdf,"adselfservice plus, proxy, using, adssp, reverse"
389,ADSelfService Plus,Radhakrishnan,adssp-marketing@zohocorp.com,Technical Document,Reverse proxy setup using Apache HTTP,Details how to set up reverse proxy for ADSSP using AD360,,Up-to-date,Dec 2024,https://www.manageengine.com/products/self-service-password/adselfservice-plus-reverse-proxy-using-apache-http-server.pdf,"adselfservice plus, proxy, using, adssp, reverse"
390,ADSelfService Plus,Radhakrishnan,adssp-marketing@zohocorp.com,Technical Document,Reverse proxy setup using IIS,Details how to set up reverse proxy for ADSSP using AD360,,Up-to-date,Dec 2024,https://download.manageengine.com/products/self-service-password/adselfservice-plus-reverse-proxy-using-iis.pdf,"adselfservice plus, proxy, using, adssp, reverse"
391,ADSelfService Plus,Radhakrishnan,adssp-marketing@zohocorp.com,Technical Document,Third-party applications list,Lists all the third-party applications used in ADSelfService Plus,,Up-to-date,Jan 2025,https://download.manageengine.com/products/self-service-password/adselfservice-plus-third-party-apps-list.pdf,"adselfservice plus, third, adssp, party, applications"
392,ADSelfService Plus,Radhakrishnan,adssp-marketing@zohocorp.com,Technical Document,Best practices guide,Lists the best practices to be followed during ADSelfService Plus setup,,Up-to-date,Jan 2025,https://download.manageengine.com/products/self-service-password/adselfservice-plus-deployment-best-practices.pdf,"practices, adselfservice plus, lists, best, adssp"
393,ADSelfService Plus,Radhakrishnan,adssp-marketing@zohocorp.com,Technical Document,POC guide,Details the proof of concept for ADSelfService Plus,,Up-to-date,Dec 2024,https://download.manageengine.com/products/self-service-password/document-proof-of-concept.pdf,"adselfservice plus, proof, poc, details, adssp"
394,ADSelfService Plus,Radhakrishnan,adssp-marketing@zohocorp.com,Technical Document,SSL guide,Explains the SSL configuration process for ADSelfService Plus,,Up-to-date,Dec 2024,https://download.manageengine.com/products/self-service-password/adselfservice-plus-ssl-installation-guide.pdf,"ssl, explains, adselfservice plus, adssp, configuration"
395,ADSelfService Plus,Radhakrishnan,adssp-marketing@zohocorp.com,Technical Document,Database migration MS SQL,Explains the migration procedure from PostgreSQL to MSSQL database for ADSelfService Plus,,Up-to-date,Apr 2024,https://download.manageengine.com/products/self-service-password/configure-adselfservice-plus-with-mssql.pdf,"adselfservice plus, database, sql, adssp, migration"
396,ADSelfService Plus,Radhakrishnan,adssp-marketing@zohocorp.com,Technical Document,Guide to securing connection between the server and MSSQL database,Explains the process of enabling a HTTPS connection between the ADSSP server and MSSQL database server,,Up-to-date,Apr 2024,https://download.manageengine.com/products/self-service-password/adselfservice-plus-mssql-https-secure-connection-guide.pdf,"adselfservice plus, mssql, server, connection, adssp"
397,ADSelfService Plus,Radhakrishnan,adssp-marketing@zohocorp.com,Technical Document,License guide,Explains ADSSP's licensing process,,To be updated,May 2023,https://www.manageengine.com/products/self-service-password/how-adselfservice-plus-licensing-works.pdf,"explains, adselfservice plus, licensing, adssp, license"
398,ADSelfService Plus,Radhakrishnan,adssp-marketing@zohocorp.com,Technical Document,License FAQ,Explains ADSSP's licensing process,,Up-to-date,Apr 2024,https://www.manageengine.com/products/self-service-password/licensing-faq.html,"explains, adselfservice plus, adssp, faq, license"
399,ADSelfService Plus,Radhakrishnan,adssp-marketing@zohocorp.com,Technical Document,ADSelfService Plus Scalability guide,Explains how ADSSP can be scaled to fit any environment,,To be updated,2018,https://download.manageengine.com/products/self-service-password/self-service-password-reset-tool-with-scalability.pdf,"explains, adselfservice plus, scalability, adssp, adselfservice"
400,ADSelfService Plus,Radhakrishnan,adssp-marketing@zohocorp.com,Technical Document,NPS configuration guide for VPN MFA,Explain how to configure NPS to enable MFA for VPN,,Up-to-date,Feb 2025,https://download.manageengine.com/products/self-service-password/adselfservice-plus-nps-configuration-for-endpoint-mfa.pdf,"adselfservice plus, mfa, vpn, adssp, nps"
401,ADSelfService Plus,Radhakrishnan,adssp-marketing@zohocorp.com,Technical Document,Guide to install macOS X login agent,Details how to install the ADSSP macOS login agent,,Up-to-date,Apr 2024,https://www.manageengine.com/products/self-service-password/guide-to-install-Mac-client-software-using-web-portal-and-manually.pdf,"adselfservice plus, login, adssp, macos, install"
402,ADSelfService Plus,Radhakrishnan,adssp-marketing@zohocorp.com,Technical Document,Guide to install login agent using GPO,Details how to install the ADSSP login agent using GPO,,Up-to-date,Apr 2024,https://download.manageengine.com/products/self-service-password/gina-gpo-installation-guide.pdf,"adselfservice plus, login, adssp, agent, install"
403,ADSelfService Plus,Radhakrishnan,adssp-marketing@zohocorp.com,Technical Document,Guide to install login agent through the portal,Details how to install the ADSSP login agent using the portal,,Up-to-date,Apr 2024,https://download.manageengine.com/products/self-service-password/guide-to-install-client-software-using-web-portal-and-manually.pdf,"adselfservice plus, login, adssp, agent, install"
404,ADSelfService Plus,Radhakrishnan,adssp-marketing@zohocorp.com,Technical Document,Guide to install login agent through ME Endpoint Central,Details how to install the ADSSP login agent through Endpoint Central,,Up-to-date,Apr 2024,https://download.manageengine.com/products/self-service-password/adselfservice-plus-desktop-central-password-reset-logon-agent-installation.pdf,"adselfservice plus, login, adssp, agent, install"
405,ADSelfService Plus,Radhakrishnan,adssp-marketing@zohocorp.com,Technical Document,Guide to install login agent using SCCM,Details how to install the ADSSP login agent through SCCM,,Up-to-date,Apr 2024,https://download.manageengine.com/products/self-service-password/gina-cp-installation-using-sccm.pdf,"adselfservice plus, login, adssp, agent, install"
406,ADSelfService Plus,Radhakrishnan,adssp-marketing@zohocorp.com,Technical Document,Integrating the login agent with third-party logon extensions,Details how to install the ADSSP login agent using third-party logon extensions,,Up-to-date,Apr 2024,https://download.manageengine.com/products/self-service-password/integration-with-third-party-winlogon-extensions.pdf,"adselfservice plus, login, third, adssp, agent"
407,ADSelfService Plus,Radhakrishnan,adssp-marketing@zohocorp.com,Comparison document,ADSelfService Plus comparison document template,The template used to draft comparison documents between ADSSP and its competitiors,,Under update,Dec 2024,https://writer.zoho.com/writer/open/qh4ecb29d01899fb346ff8842278a70852e0a,"adselfservice plus, comparison, template, adssp, adselfservice"
408,ADSelfService Plus,Radhakrishnan,adssp-marketing@zohocorp.com,Comparison document,ADSelfService Plus vs. AD,Comparison document between ADSSP and AD,,Under update,Dec 2024,https://workdrive.zoho.com/file/u6xlo55d6c8db3a354d4a9ec26f4521801b91,"comparison, adselfservice plus, adselfservice, adssp"
409,ADSelfService Plus,Radhakrishnan,adssp-marketing@zohocorp.com,Comparison document,ADSelfService Plus vs. Entra ID,Comparison document between ADSSP and Entra ID,,Under update,Dec 2024,https://workdrive.zoho.com/file/u6xlo0145f3ca78fb467093ff729ba96c135b,"adselfservice plus, comparison, entra, adssp, adselfservice"
410,ADSelfService Plus,Radhakrishnan,adssp-marketing@zohocorp.com,Comparison document,Password policies in ADSSP vs. password policies in AD,Comparison document between ADSSP and AD's password policies,,Under update,Dec 2024,https://download.manageengine.com/products/self-service-password/adselfservice-plus-password-policy-enforcer-vs-gpo-based-password-policy-vs-fgpp.pdf,"adselfservice plus, policies, comparison, adssp, password"
411,ADSelfService Plus,Radhakrishnan,adssp-marketing@zohocorp.com,Comparison document,ADSelfService Plus vs. One Identity,Comparison document between ADSSP and One Identity,,Under update,Dec 2024,https://workdrive.zoho.com/file/u6xlo9d2c3b07cdfd4f7aac66b0f31629f5ab,"adselfservice plus, identity, adssp, adselfservice, one"
412,ADSelfService Plus,Radhakrishnan,adssp-marketing@zohocorp.com,Comparison document,ADSelfService Plus vs. Specops,Comparison document between ADSSP and Specops,,Under update,Dec 2024,https://workdrive.zoho.com/file/ta1nzb03d66e5f0a24116aee00be306c31bf9,"adselfservice plus, comparison, specops, adssp, adselfservice"
413,ADSelfService Plus,Radhakrishnan,adssp-marketing@zohocorp.com,Comparison document,ADSelfService Plus vs. LogonBox,Comparison document between ADSSP and Logonbox,,To be updated,Jul 2024,https://workdrive.zoho.com/file/u6xloc0350c56702a4fe090f7a26006e1591c,"adselfservice plus, comparison, adssp, logonbox, adselfservice"
414,ADSelfService Plus,Radhakrishnan,adssp-marketing@zohocorp.com,Comparison document,ADSelfService Plus vs. Google-backed Open Source Password Manager,Comparison document between ADSSP and Google-backed Open Source Password Manager,,To be updated,Jul 2024,https://workdrive.zoho.com/file/u6xloe3aa1d7622c74d37b7a440949d013f8a,"adselfservice plus, backed, open, adssp, google"
415,ADSelfService Plus,Radhakrishnan,adssp-marketing@zohocorp.com,Comparison document,ADSSP vs. Okta,Comparison document between ADSSP and Okta,,Under update,Dec 2024,https://workdrive.zoho.com/file/rdgdce1a7f9712832461eb83d5e2050c90658,"okta, comparison, adselfservice plus, adssp"
416,ADSelfService Plus,Radhakrishnan,adssp-marketing@zohocorp.com,Comparison document,ADSSP vs. Accops,Comparison document between ADSSP and Accops,,To be updated,Apr 2024,https://workdrive.zoho.com/file/ta1nz289b97e1694542a5bdc582ec08693b5c,"comparison, adselfservice plus, accops, adssp"
417,ADSelfService Plus,Radhakrishnan,adssp-marketing@zohocorp.com,Comparison document,ADSSP vs. DualShield,Comparison document between ADSSP and Deepnet DualShield,,To be updated,Jun 2024,https://workdrive.zoho.com/file/r01xs5636c215b2444b0893671fc072fe770a,"adselfservice plus, dualshield, comparison, adssp, deepnet"
418,ADSelfService Plus,Radhakrishnan,adssp-marketing@zohocorp.com,Comparison document,ADSSP vs. Duo,Comparison document between ADSSP and DUO,,Under update,Dec 2024,https://writer.zoho.com/writer/open/juvjzee49b733cf3e4025977b4cb9479c48fa,"comparison, adselfservice plus, duo, adssp"
419,ADSelfService Plus,Radhakrishnan,adssp-marketing@zohocorp.com,Solution brief,Maximizing ROI on ADSelfService Plus using its enrollment options,Explains how to enable ADSSP's enrollment features and use them to maximize the ROI,,To be updated,May 2023,https://download.manageengine.com/products/self-service-password/maximizing-return-on-investment-on-password-self-service-using-enrollment.pdf?solutionbriefs,"adselfservice plus, maximizing, roi, adssp, enrollment"
420,ADSelfService Plus,Radhakrishnan,adssp-marketing@zohocorp.com,Solution brief,ADSelfService Plus vs. GPO-based vs. Fine-grained password policy,Compares AD's native GPO-based and fine-grained password policies with ADSelfService Plus's PPE feature,,Under update,2018,https://download.manageengine.com/products/self-service-password/adselfservice-plus-password-policy-enforcer-vs-gpo-based-password-policy-vs-fgpp.pdf?solutionbriefs,"adselfservice plus, based, adssp, gpo, adselfservice"
421,ADSelfService Plus,Radhakrishnan,adssp-marketing@zohocorp.com,Solution brief,ADSelfService Plus proof of concept (PoC),Lists common IAM challenges and how ADSSP helps overcome them,,Under update,May 2023,https://download.manageengine.com/products/self-service-password/document-proof-of-concept.pdf?solutionbriefs,"adselfservice plus, proof, concept, adssp, adselfservice"
422,ADSelfService Plus,Radhakrishnan,adssp-marketing@zohocorp.com,Solution brief,Azure Active Directory Password Protection vs. ManageEngine ADSelfService Plus,Compares AD's Azure AD Password Protection ManageEngine ADSSP,,Under update,June 2019,https://download.manageengine.com/products/self-service-password/azure-ad-password-policy.pdf?solutionbriefs,"adselfservice plus, azure, protection, adssp, password"
423,ADSelfService Plus,Radhakrishnan,adssp-marketing@zohocorp.com,Solution brief,Secure single sign-on for cloud applications,Explains the advantages of ADSSP's SSO feature,,To be updated,2019,https://download.manageengine.com/products/self-service-password/enterprise-secure-single-sign-on-for-cloud-apps.pdf?solutionbriefs,"adselfservice plus, single, sign, secure, adssp"
424,ADSelfService Plus,Radhakrishnan,adssp-marketing@zohocorp.com,Solution brief,Maximize Endpoint Security with adaptive MFA,Explains how to enable the Endpoint MFA feature,,Under update,Feb 2023,https://download.manageengine.com/products/self-service-password/maximize-endpoint-security-with-adaptive-mfa.pdf,"endpoint, adselfservice plus, maximize, mfa, adssp"
425,ADSelfService Plus,Radhakrishnan,adssp-marketing@zohocorp.com,Solution brief,Guide to keeping Active Directory user attributes up-to-date,Explains the advantages of ADSSP's self-service directory update feature,,To be updated,May 2023,https://download.manageengine.com/products/self-service-password/self-update.pdf?solutionbriefs,"adselfservice plus, active, directory, keeping, adssp"
426,ADSelfService Plus,Radhakrishnan,adssp-marketing@zohocorp.com,Solution brief,Self-Service Approval Workflow,Explains how ADSSP's approval workflow feature works,,To be updated,2019,https://download.manageengine.com/products/self-service-password/helpdesk-assisted-password-self-service-with-adselfservice-plus.pdf?solutionbriefs,"self, adselfservice plus, workflow, approval, adssp"
427,ADSelfService Plus,Radhakrishnan,adssp-marketing@zohocorp.com,Solution brief,Extending password support through cached credential update,Explains how to enable the cached credentials update feature,,To be updated,2019,https://download.manageengine.com/products/self-service-password/ebook-on-cached-credentials-over-vpn-for-remote-users.pdf?solutionbriefs,"adselfservice plus, update, extending, adssp, cached"
428,ADSelfService Plus,Radhakrishnan,adssp-marketing@zohocorp.com,Solution brief,Prevent Active Directory password expiration with SMS and email alerts,Explains how the password expiration notification feature works,,To be updated,2019,https://download.manageengine.com/products/self-service-password/password-expiration-prevention.pdf?solutionbriefs,"prevent, adselfservice plus, expiration, adssp, password"
429,ADSelfService Plus,Radhakrishnan,adssp-marketing@zohocorp.com,Solution brief,Increasing productivity through efficient password management,"Describes how to implement SSPR, SSO, and password sync for better password management",,To be updated,May 2023,https://download.manageengine.com/products/self-service-password/efficient-password-management-key-to-increasing-it-productivity.pdf?solutionbriefs,"adselfservice plus, management, increasing, adssp, password"
430,ADSelfService Plus,Radhakrishnan,adssp-marketing@zohocorp.com,Case study,Community bank,Discusses how ADSSP's self-service password reset and account unlock features helped the organization.,,Up-to-date,2019,https://www.manageengine.com/products/self-service-password/case-study/self-service-password-reset-and-account-unlock-helps-community-bank.html,"adselfservice plus, bank, community, adssp, discusses"
431,ADSelfService Plus,Radhakrishnan,adssp-marketing@zohocorp.com,Case study,Wyelands Bank,Discusses how ADSSP's self-service password reset and account unlock features helped the organization.,,Up-to-date,2019,https://www.manageengine.com/products/self-service-password/password-reset-case-study-wyelands-bank.html,"adselfservice plus, bank, adssp, wyelands, discusses"
432,ADSelfService Plus,Radhakrishnan,adssp-marketing@zohocorp.com,Case study,Home Banc,Discusses how ADSSP's self-service password reset and account unlock features helped the organization.,,Up-to-date,2019,https://download.manageengine.com/products/self-service-password/case-study-homebanc.pdf,"adselfservice plus, adssp, discusses, banc, home"
433,ADSelfService Plus,Radhakrishnan,adssp-marketing@zohocorp.com,Case study,Swizznet,Discusses how ADSSP's self-service password reset and account unlock features helped the organization.,,Up-to-date,2019,https://download.manageengine.com/products/self-service-password/password-management-case-study-swizznet.pdf,"self, adselfservice plus, swizznet, adssp, discusses"
434,ADSelfService Plus,Radhakrishnan,adssp-marketing@zohocorp.com,Case study,Hampshire Collegiate School,Discusses how ADSSP's self-service password reset and account unlock features helped the organization.,,Up-to-date,2019,https://download.manageengine.com/products/self-service-password/hampshire-case-study.pdf,"adselfservice plus, school, collegiate, hampshire, adssp"
435,ADSelfService Plus,Radhakrishnan,adssp-marketing@zohocorp.com,Case study,The Principia,Discusses how ADSSP's self-service password reset and account unlock features helped the organization.,,Up-to-date,2019,https://download.manageengine.com/products/self-service-password/case-study-the-principia.pdf,"self, adselfservice plus, principia, adssp, discusses"
436,ADSelfService Plus,Radhakrishnan,adssp-marketing@zohocorp.com,Case study,Time4Learning,Discusses how ADSSP's self-service password reset and account unlock features helped the organization.,,Up-to-date,2019,https://download.manageengine.com/products/self-service-password/password-management-case-study-time4learning.pdf,"self, adselfservice plus, adssp, discusses, time4learning"
437,ADSelfService Plus,Radhakrishnan,adssp-marketing@zohocorp.com,Case study,Maldon District council,Discusses how ADSSP's self-service password reset and account unlock features helped the organization.,,Up-to-date,2019,https://www.manageengine.com/products/self-service-password/case-study-self-service-password-reset-for-maldon-district-council.html,"adselfservice plus, council, district, adssp, maldon"
438,ADSelfService Plus,Radhakrishnan,adssp-marketing@zohocorp.com,Case study,City of Grand Rapids,Discusses how ADSSP's self-service password reset and account unlock features helped the organization.,,Up-to-date,2019,https://download.manageengine.com/products/self-service-password/case-study-grand-rapids.pdf,"adselfservice plus, grand, rapids, adssp, city"
439,ADSelfService Plus,Radhakrishnan,adssp-marketing@zohocorp.com,Case study,Landratsamt Schwarzwald-Baar-Kreis,"Self-service password reset and account unlock, and directory self-update",,Up-to-date,2019,https://download.manageengine.com/products/self-service-password/case-study-administrative-office-schwarzwald-baar-kreis.pdf,"self, adselfservice plus, landratsamt, schwarzwald, adssp"
440,ADSelfService Plus,Radhakrishnan,adssp-marketing@zohocorp.com,Case study,City of Warsaw,Discusses how ADSSP's self-service password reset and account unlock features helped the organization.,,Up-to-date,2019,https://download.manageengine.com/products/self-service-password/warsaw-city-hall-case-study.pdf,"adselfservice plus, city, adssp, discusses, warsaw"
441,ADSelfService Plus,Radhakrishnan,adssp-marketing@zohocorp.com,Case study,Metropolitan Government of Nashville and Davidson County,Discusses how ADSSP's password expiration notification helps the organization,,Up-to-date,2019,https://download.manageengine.com/products/self-service-password/case-study-user-experience.pdf,"metropolitan, adselfservice plus, nashville, government, adssp"
442,ADSelfService Plus,Radhakrishnan,adssp-marketing@zohocorp.com,Case study,Radiology Associates of Ocala,Discusses how ADSSP's password expiration notification and self-service password reset features help the organization,,Up-to-date,2019,https://download.manageengine.com/products/self-service-password/adselfservice-plus-case-study-radiology-ocala-healthcare-password-reset-troubles.pdf,"adselfservice plus, radiology, associates, adssp, password"
443,ADSelfService Plus,Radhakrishnan,adssp-marketing@zohocorp.com,Case study,Centre for Addiction and Mental Health (CAMH),Discusses how ADSSP's self-service password reset and account unlock features helped the organization.,,Up-to-date,2019,https://download.manageengine.com/products/self-service-password/case-study-self-password-management-camh.pdf,"addiction, adselfservice plus, mental, adssp, centre"
444,ADSelfService Plus,Radhakrishnan,adssp-marketing@zohocorp.com,Case study,Kubota Materials Canada Corporation,Discussed how ADSSP's web-based password change feature helps the organization,,Up-to-date,2019,https://download.manageengine.com/products/self-service-password/case-study/kubota-materials-canada-corporation.pdf?source=adssp_customer_success_pdf,"adselfservice plus, kubota, materials, canada, adssp"
445,ADSelfService Plus,Radhakrishnan,adssp-marketing@zohocorp.com,Case study,Kadant,Discussed how ADSSP's password synchronization and self-service password reset features help the organization,,Up-to-date,2019,https://download.manageengine.com/products/self-service-password/case-study-salesforce-password-sync-kadant.pdf,"adselfservice plus, kadant, adssp, discussed, password"
446,ADSelfService Plus,Radhakrishnan,adssp-marketing@zohocorp.com,Case study,Cormar Carpets,Discusses how ADSSP's self-service password reset feature helps the organization,,Up-to-date,2019,https://download.manageengine.com/products/self-service-password/case-study-on-eliminating-password-reset-calls-cormar-carpets.pdf,"adselfservice plus, carpets, cormar, adssp, discusses"
447,ADSelfService Plus,Radhakrishnan,adssp-marketing@zohocorp.com,Case study,Unisource Worldwide Inc.,Self-service password reset,,Up-to-date,2019,https://download.manageengine.com/products/self-service-password/unisource-worldwide-improved-helpdesk-productivity-with-adselfservice-plus.pdf,"inc, adselfservice plus, unisource, adssp, worldwide"
448,ADSelfService Plus,Radhakrishnan,adssp-marketing@zohocorp.com,Case study,"Tokyo Electron US Holdings, Inc.",Discusses how ADSSP's self-service password reset and account unlock features helped the organization.,,Up-to-date,2019,https://download.manageengine.com/products/self-service-password/case-study-tell.pdf,"holdings, adselfservice plus, electron, tokyo, adssp"
449,ADSelfService Plus,Radhakrishnan,adssp-marketing@zohocorp.com,Case study,TXP Corporation,Discusses how ADSSP's self-service password reset and account unlock features helped the organization.,,Up-to-date,2019,https://download.manageengine.com/products/self-service-password/case-study-txp.pdf,"adselfservice plus, corporation, txp, adssp, discusses"
450,ADSelfService Plus,Radhakrishnan,adssp-marketing@zohocorp.com,Case study,Skorpion Zinc,Discusses how ADSSP's self-service password reset and account unlock features helped the organization.,,Up-to-date,2019,https://download.manageengine.com/products/self-service-password/skorpion-zinc-case-study.pdf,"adselfservice plus, skorpion, zinc, adssp, discusses"
451,ADSelfService Plus,Radhakrishnan,adssp-marketing@zohocorp.com,Case study,CIMTAS Group,Discusses how ADSSP's self-service password reset and account unlock features helped the organization.,,Up-to-date,2019,https://download.manageengine.com/products/self-service-password/case-study-cimtas.pdf,"adselfservice plus, group, adssp, discusses, cimtas"
452,ADSelfService Plus,Radhakrishnan,adssp-marketing@zohocorp.com,Case study,Sutton Group,Discusses how ADSSP's self-service password reset and account unlock features helped the organization.,,Up-to-date,2019,https://download.manageengine.com/products/self-service-password/case-study-user-experience.pdf,"adselfservice plus, sutton, group, adssp, discusses"
453,ADSelfService Plus,Radhakrishnan,adssp-marketing@zohocorp.com,Case study,WorkPlaceLive,Discusses how ADSSP's self-service password reset and account unlock features helped the organization.,,Up-to-date,2019,https://www.manageengine.com/products/self-service-password/password-reset-workplacelive-case-study.html,"self, adselfservice plus, workplacelive, adssp, discusses"
454,ADSelfService Plus,Radhakrishnan,adssp-marketing@zohocorp.com,Case study,Wanstor,Self-service password reset and account unlock,,Up-to-date,2019,https://www.manageengine.com/products/self-service-password/wanstor-it-services-password-reset-case-study.html,"self, adselfservice plus, service, wanstor, adssp"
455,ADSelfService Plus,Radhakrishnan,adssp-marketing@zohocorp.com,Case study,NetsourceOne,Discusses how ADSSP's self-service password reset and account unlock features helped the organization.,,Up-to-date,2019,https://www.manageengine.com/products/self-service-password/netsource-password-reset-account-unlock-case-study.html,"self, adselfservice plus, netsourceone, adssp, discusses"
456,ADSelfService Plus,Radhakrishnan,adssp-marketing@zohocorp.com,Case study,Qual IT,Discusses how ADSSP's self-service password reset and account unlock features helped the organization.,,Up-to-date,2019,https://download.manageengine.com/products/self-service-password/selfservice-plus-casestudy-qualit.pdf,"self, adselfservice plus, qual, adssp, discusses"
457,ADSelfService Plus,Radhakrishnan,adssp-marketing@zohocorp.com,Case study,Tata Consultancy Services,Discusses how ADSSP's self-service password reset and account unlock features helped the organization.,,Up-to-date,2019,https://download.manageengine.com/products/self-service-password/tcs-using-adselfservice-plus-for-password-management.pdf,"adselfservice plus, tata, adssp, consultancy, services"
458,ADSelfService Plus,Radhakrishnan,adssp-marketing@zohocorp.com,Case study,ALIGN Technology,Password expiration notification and self-service password reset,,Up-to-date,2019,https://download.manageengine.com/products/self-service-password/casestudy-galbayer.pdf,"adselfservice plus, technology, align, adssp, password"
459,ADSelfService Plus,Radhakrishnan,adssp-marketing@zohocorp.com,Case study,The Henson Group,Self-service password reset and account unlock,,Up-to-date,2019,https://download.manageengine.com/products/self-service-password/the-henson-group-automate-password-self-service-case-study.pdf,"self, adselfservice plus, group, henson, adssp"
460,ADSelfService Plus,Radhakrishnan,adssp-marketing@zohocorp.com,Case study,AUBAY SpA,Password expiration notification and self-service password reset,,Up-to-date,2019,https://download.manageengine.com/products/self-service-password/case-study-aubay.pdf,"adselfservice plus, spa, aubay, adssp, password"
461,ADSelfService Plus,Radhakrishnan,adssp-marketing@zohocorp.com,Case study,Kao Specalities,Password synchronization and self-service password reset,,Up-to-date,2019,https://www.manageengine.com/products/self-service-password/password-sync-and-reset-case-study-kao-specialties-americas-llc.html,"adselfservice plus, kao, adssp, specalities, password"
462,ADSelfService Plus,Radhakrishnan,adssp-marketing@zohocorp.com,Case study,Hirsch Pipe and Supply,Discusses how ADSSP's self-service password reset and account unlock features helped the organization.,,Up-to-date,2019,https://www.manageengine.com/products/self-service-password/hirsch-pipe-and-supply-resetting-passwords-account-unlock-case-study.html,"adselfservice plus, supply, pipe, adssp, hirsch"
463,ADSelfService Plus,Radhakrishnan,adssp-marketing@zohocorp.com,Case study,Acuative,Discusses how ADSSP's self-service password reset and account unlock features helped the organization.,,Up-to-date,2019,https://www.manageengine.com/products/self-service-password/casestudy-acuative-network-technology.html,"self, adselfservice plus, acuative, adssp, discusses"
464,ADSelfService Plus,Radhakrishnan,adssp-marketing@zohocorp.com,Case study,TriMark,Discusses how ADSSP's self-service password reset and account unlock features helped the organization.,,Up-to-date,2019,https://download.manageengine.com/products/self-service-password/tackle-password-problems-for-trimark-case-study.pdf,"self, adselfservice plus, trimark, adssp, discusses"
465,ADSelfService Plus,Radhakrishnan,adssp-marketing@zohocorp.com,Case study,Worldwide Flight Services,Discusses how ADSSP's self-service password reset and account unlock features helped the organization.,,Up-to-date,2019,https://download.manageengine.com/products/self-service-password/case-study-password-manager-for-jfk-internation-airport.pdf,"adselfservice plus, flight, adssp, worldwide, services"
466,ADSelfService Plus,Radhakrishnan,adssp-marketing@zohocorp.com,Case study,Universum Global,Password synchronization and self-service password reset,,Up-to-date,2019,https://download.manageengine.com/products/self-service-password/case-study-user-experience.pdf,"adselfservice plus, universum, adssp, global, password"
467,ADSelfService Plus,Radhakrishnan,adssp-marketing@zohocorp.com,Case study,Marshall Associates,Discusses how ADSSP's self-service password reset and account unlock features helped the organization.,,Up-to-date,2019,https://download.manageengine.com/products/self-service-password/case-study-user-experience.pdf,"marshall, adselfservice plus, associates, adssp, discusses"
468,ADSelfService Plus,Radhakrishnan,adssp-marketing@zohocorp.com,Case study,Lane4,Password synchronization and self-service password reset,,Up-to-date,2019,https://download.manageengine.com/products/self-service-password/password-synchronization-case-study-by-lane4.pdf,"adselfservice plus, synchronization, lane4, adssp, password"
469,ADSelfService Plus,Radhakrishnan,adssp-marketing@zohocorp.com,Case study,Downers Grove Park District,Discusses how ADSSP's self-service password reset and account unlock features helped the organization.,,Up-to-date,2019,https://www.manageengine.com/products/self-service-password/account-unlock-case-study-by-downers-grove-park-district.html,"adselfservice plus, downers, grove, adssp, park"
470,ADSelfService Plus,Radhakrishnan,adssp-marketing@zohocorp.com,Case study,Acis Group,Discusses how ADSSP's self-service password reset and account unlock features helped the organization.,,Up-to-date,2019,https://download.manageengine.com/products/self-service-password/case-study-user-experience.pdf,"adselfservice plus, group, adssp, acis, discusses"
471,ADSelfService Plus,Radhakrishnan,adssp-marketing@zohocorp.com,Case study,Morey's Seafood International LLC,Discusses how ADSSP's self-service password reset and account unlock features helped the organization.,,Up-to-date,2019,https://download.manageengine.com/products/self-service-password/password-management-case-study-moreys-seafood-international.pdf,"adselfservice plus, seafood, international, adssp, morey"
472,ADSelfService Plus,Radhakrishnan,adssp-marketing@zohocorp.com,Case study,Interglobe,Discusses how ADSSP's self-service password reset and account unlock features helped the organization.,,Up-to-date,2019,https://www.manageengine.com/products/self-service-password/case-study/end-user-password-management-helps-interglobe-enterprises.html,"self, adselfservice plus, interglobe, adssp, discusses"
473,ADSelfService Plus,Radhakrishnan,adssp-marketing@zohocorp.com,Case study,"Rak Bank, India",Discusses how ADSSP's self-service password reset and account unlock features helped the organization.,,Up-to-date,2019,https://www.youtube.com/embed/ABtJokpmtfQ?rel=0;autoplay=1&rel=1,"adselfservice plus, rak, bank, adssp, india"
474,ADSelfService Plus,Radhakrishnan,adssp-marketing@zohocorp.com,Case study,Mohammed Al Naboodah Holding,Discusses how ADSSP's self-service password reset and account unlock features helped the organization.,,Up-to-date,2019,https://www.youtube.com/embed/d4csIkcOZKE?rel=0;autoplay=1&rel=1,"adselfservice plus, naboodah, mohammed, adssp, holding"
475,ADSelfService Plus,Radhakrishnan,adssp-marketing@zohocorp.com,Case study,Bracewell and Guiliani LLP,"Password expiration notification, self-service password reset and self-service account unlock",,Up-to-date,2019,https://www.youtube.com/embed/NM4A7qLYy2A?rel=0;autoplay=1&rel=1,"self, adselfservice plus, service, adssp, password"
476,ADSelfService Plus,Radhakrishnan,adssp-marketing@zohocorp.com,Case study,"Total Safety US., Inc.",Discusses how ADSSP's self-service password reset and account unlock features helped the organization.,,Up-to-date,2019,https://www.youtube.com/embed/_jaMKipOIBU?rel=0;autoplay=1&rel=1,"inc, adselfservice plus, total, safety, adssp"
477,ADSelfService Plus,Radhakrishnan,adssp-marketing@zohocorp.com,Case study,"Aubay SpA, Italy",Password expiration notification and self-service password reset,,Up-to-date,2019,https://www.youtube.com/embed/V-WYoSUyd6M?rel=0;autoplay=1&rel=1,"adselfservice plus, spa, aubay, adssp, password"
478,ADSelfService Plus,Radhakrishnan,adssp-marketing@zohocorp.com,Case study,City of El Paso,Discusses how ADSSP's self-service password reset and account unlock features helped the organization.,,Up-to-date,2019,https://www.youtube.com/embed/V5LpIMiUmGQ?rel=0;autoplay=1&rel=1,"adselfservice plus, adssp, paso, discusses, city"
479,ADSelfService Plus,Radhakrishnan,adssp-marketing@zohocorp.com,Case study,"National Library, Australia",Discusses how ADSSP's self-service password reset and account unlock features helped the organization.,,Up-to-date,2019,https://www.youtube.com/embed/DduelnmOjCA?rel=0;autoplay=1&rel=1,"adselfservice plus, australia, adssp, library, national"
480,ADSelfService Plus,Radhakrishnan,adssp-marketing@zohocorp.com,E-book or guide,Three password management practices for efficient IGA in 2020,Describes three password security best practices to be included in an IGA strategy,,Up-to-date,,https://download.manageengine.com/products/self-service-password/best-security-practices-for-identity-governance-and-administration.pdf?solutionbriefs,"practices, adselfservice plus, three, adssp, password"
481,ADSelfService Plus,Radhakrishnan,adssp-marketing@zohocorp.com,E-book or guide,Is unprotected VPN access a gateway to vulnerabilities?,Explains 5 reasons to protect enterprise VPN access with MFA,,Up-to-date,,https://download.manageengine.com/products/self-service-password/five-reasons-to-protect-enterprise.pdf?solutionbriefs,"adselfservice plus, access, vpn, adssp, unprotected"
482,ADSelfService Plus,Radhakrishnan,adssp-marketing@zohocorp.com,E-book or guide,The essential guide to securing RDP and VPN access to sensitive resources,Describes how to implement advanced authentication methods to secure RDP and VPN access,,Up-to-date,,https://download.manageengine.com/products/self-service-password/secure-rdp-and-vpn-access-with-mfa.pdf?solutionbriefs,"adselfservice plus, access, vpn, rdp, adssp"
483,ADSelfService Plus,Radhakrishnan,adssp-marketing@zohocorp.com,E-book or guide,NIST password guidelines vs current industry practices,Compares the NIST password guidelines with standard enterprise password practices,,Up-to-date,,https://download.manageengine.com/products/self-service-password/ebook-on-nist-password-standards.pdf?solutionbriefs,"adselfservice plus, guidelines, nist, adssp, password"
484,ADSelfService Plus,Radhakrishnan,adssp-marketing@zohocorp.com,E-book or guide,Reinventing cybersecurity for government organizations,Details some cybersecurity challenges faced by govt. organizations and provides a solution,,Up-to-date,,https://download.manageengine.com/products/self-service-password/reinventing-cybersecurity-with-adselfservice-plus.pdf?solutionbriefs,"adselfservice plus, cybersecurity, reinventing, organizations, adssp"
485,ADSelfService Plus,Radhakrishnan,adssp-marketing@zohocorp.com,E-book or guide,Thwarting common password attack methods,"Discusses weak passwords, common password attacks and solutions",,Up-to-date,,https://download.manageengine.com/products/self-service-password/ebook-active-directory-password-policy-enforcer.pdf?solutionbriefs,"common, adselfservice plus, thwarting, adssp, password"
486,ADSelfService Plus,Radhakrishnan,adssp-marketing@zohocorp.com,E-book or guide,Increasing productivity through efficient password management,"Describes how to implement SSPR, SSO, and password sync for better password management",,Up-to-date,,https://download.manageengine.com/products/self-service-password/efficient-password-management-key-to-increasing-it-productivity.pdf?solutionbriefs,"adselfservice plus, management, increasing, adssp, password"
487,ADSelfService Plus,Radhakrishnan,adssp-marketing@zohocorp.com,E-book or guide,Optimizing password management in educational institutions,Details solutions to common password management issues faced by educational institutions,,Up-to-date,,https://download.manageengine.com/products/self-service-password/active-directory-password-management-for-educational-institutions.pdf?solutionbriefs,"adselfservice plus, management, adssp, educational, password"
488,ADSelfService Plus,Radhakrishnan,adssp-marketing@zohocorp.com,E-book or guide,The administrator's guide to simplifying password management,Explains how to simplify password management for admins using ADSelfService Plus,,Up-to-date,,https://download.manageengine.com/products/self-service-password/adselfserviceplus-administrator-guide.pdf?solutionbriefs,"administrator, adselfservice plus, management, adssp, password"
489,ADSelfService Plus,Radhakrishnan,adssp-marketing@zohocorp.com,E-book or guide,Beginner’s guide to Azure AD Password Protection,Explains how to protect Azure AD passwords using ADSSP,,Up-to-date,,https://download.manageengine.com/products/self-service-password/azure-ad-password-protection.pdf?solutionbriefs,"adselfservice plus, azure, adssp, beginner, password"
490,ADSelfService Plus,Radhakrishnan,adssp-marketing@zohocorp.com,E-book or guide,Why passwords are here to stay and how you can manage them better?,Discusses the how to better manage passwords and how MFA provides additional security,,Up-to-date,,https://download.manageengine.com/products/self-service-password/passwords-are-here-to-stay.pdf?solutionbriefs,"adselfservice plus, better, manage, adssp, passwords"
491,ADSelfService Plus,Radhakrishnan,adssp-marketing@zohocorp.com,E-book or guide,Single sign-on and how it helps meet regulatory compliance,Explains how an organization can reap the benefits of SSO,,Up-to-date,,https://download.manageengine.com/products/self-service-password/single-sign-on-security-and-compliance.pdf?solutionbriefs,"adselfservice plus, helps, single, sign, adssp"
492,ADSelfService Plus,Radhakrishnan,adssp-marketing@zohocorp.com,E-book or guide,Buyer's guide to self-service password reset solution,Details important factors to consider when purchasing a self-service password reset solution,,Up-to-date,,https://download.manageengine.com/products/self-service-password/self-service-password-management-solution-buyers-guide.pdf?solutionbriefs,"self, adselfservice plus, service, adssp, password"
493,ADSelfService Plus,Radhakrishnan,adssp-marketing@zohocorp.com,E-book or guide,"Three lethal, uncommon cyberattacks that can wreak havoc in your organization",Discussed 3 types of password-mediated cyberattacks and how to thwart them.,,Up-to-date,,https://download.manageengine.com/products/self-service-password/tips-to-reduce-the-risk-of-cyber-security-attacks.pdf?solutionbriefs,"adselfservice plus, three, cyberattacks, adssp, lethal"
494,ADSelfService Plus,Radhakrishnan,adssp-marketing@zohocorp.com,E-book or guide,"Making IT more efficient, active directory and cloud based services' password management","Explains how SSPR, SSO, and password sync helps enterprise processes more efficient.",,Up-to-date,,https://download.manageengine.com/products/self-service-password/self-password-reset-cloud-single-signon-whitepaper.pdf,"adselfservice plus, making, efficient, adssp, password"
495,ADSelfService Plus,Radhakrishnan,adssp-marketing@zohocorp.com,E-book or guide,Streamlining cloud access and improving security with Active Directory-based single sign-on,"Describes how to improving security with
Active Directory-based single sign-on.",,Up-to-date,,https://download.manageengine.com/products/self-service-password/active-directory-based-secure-single-sign-on-solution-for-enterprise-cloud-apps-whitepaper.pdf,"adselfservice plus, active, improving, adssp, security"
496,ADSelfService Plus,Radhakrishnan,adssp-marketing@zohocorp.com,E-book or guide,ManageEngine ADSelfService Plus iPhone app for password management,Introduction to ADSelfService Plus' iOS app,,To be updated,Aug 2024,https://www.youtube.com/watch?v=g2cIWvvSuow,"adselfservice plus, manageengine, app, adssp, adselfservice"
497,ADSelfService Plus,Radhakrishnan,adssp-marketing@zohocorp.com,E-book or guide,ADSelfService Plus - Mobile Apps for Password Self-Service Management,Introduction to ADSelfService Plus' mobile app,,To be updated,2014,https://youtu.be/w0T3uO66W4s,"adselfservice plus, apps, adssp, mobile, adselfservice"
498,ADSelfService Plus,Radhakrishnan,adssp-marketing@zohocorp.com,E-book or guide,End-user self-service password reset tutorial from Windows 10 logon screen using ADSelfService Plus,Learn how to reset domain passwords from the login screen using ADSelfService Plus' self-service password reset feature,,To be updated,2023,https://youtu.be/MgGKYbalnOk,"self, adselfservice plus, reset, service, adssp"
499,ADSelfService Plus,Radhakrishnan,adssp-marketing@zohocorp.com,E-book or guide,Active Directory + Salesforce password synchronization from ADSelfService Plus mobile app.,Learn how to sync passwords between AD and Salesforce using ADSelfService Plus,,To be updated,2019,https://youtu.be/3pgM-3-SrE8,"adselfservice plus, active, salesforce, adssp, adselfservice"
500,ADSelfService Plus,Radhakrishnan,adssp-marketing@zohocorp.com,E-book or guide,Configuring Office 365 SAML SSO with ADSelfService Plus,Learn how to configure SSO for Office 365 using ADSelfService Plus,,To be updated,2019,https://youtu.be/nFY1dF114X4,"office, adselfservice plus, 365, adssp, sso"
501,ADSelfService Plus,Radhakrishnan,adssp-marketing@zohocorp.com,E-book or guide,How to manually backup the ADSelfService Plus database,Learn how to manually backup the ADSelfService Plus database,,To be updated,2016,https://youtu.be/wWQQ1yYuun8,"adselfservice plus, backup, manually, adssp, adselfservice"
502,ADSelfService Plus,Radhakrishnan,adssp-marketing@zohocorp.com,E-book or guide,How to manually restore a backup of ADSelfService Plus database,Learn how to manually restore the ADSelfService Plus database from a backup,,To be updated,2016,https://youtu.be/618LFFB2QtQ,"adselfservice plus, backup, manually, adssp, restore"
503,ADSelfService Plus,Radhakrishnan,adssp-marketing@zohocorp.com,E-book or guide,How to schedule an automatic backup of ADSelfService Plus database,Learn who to schedule an routine automatic backup of the ADSelfService Plus database using the product portal,,To be updated,2016,https://youtu.be/ai1k7rD-Q-g,"adselfservice plus, backup, automatic, schedule, adssp"
504,ADSelfService Plus,Radhakrishnan,growth-marketing@zohocorp.com,Case study,Dairygold,"Discusses how ADSSP's MFA, self-service password reset and account unlock features helped the organization.",,Up-to-date,2025,https://www.manageengine.com/active-directory-360/manage-and-protect-identities/case-studies/diarygold-cooperative-society-adselfservice-plus.html,"adselfservice plus, mfa, adssp, discusses, dairygold"
505,ADSelfService Plus,Radhakrishnan,growth-marketing@zohocorp.com,Case study,Health Water Bottling Co.,Discusses how ADSSP's self-service password reset and account unlock features helped the organization.,,Up-to-date,2025,https://www.manageengine.com/active-directory-360/manage-and-protect-identities/case-studies/health-water-bottling-company-adselfservice-plus.html,"adselfservice plus, bottling, adssp, health, water"
506,ADSelfService Plus,Radhakrishnan,growth-marketing@zohocorp.com,Case study,Dansko,Discusses how ADSSP's self-service password reset and account unlock features helped the organization.,,Up-to-date,2025,https://www.manageengine.com/active-directory-360/manage-and-protect-identities/case-studies/dansko-and-adselfservice-plus.html,"self, adselfservice plus, adssp, discusses, dansko"
507,ADSelfService Plus,Radhakrishnan,growth-marketing@zohocorp.com,Case study,42 North Dental,Discusses how ADSSP's self-service password reset and account unlock features helped the organization.,,Up-to-date,2024,https://www.manageengine.com/active-directory-360/manage-and-protect-identities/case-studies/42-north-dental-and-adselfservice-plus.html,"adselfservice plus, dental, adssp, north, discusses"
508,ADSelfService Plus,Radhakrishnan,growth-marketing@zohocorp.com,Case study,CGI,Discusses how ADSSP's self-service password reset and account unlock features helped the organization.,,Up-to-date,2024,https://www.manageengine.com/active-directory-360/manage-and-protect-identities/case-studies/cgi-adselfservice-plus-case-study.html,"self, adselfservice plus, cgi, adssp, discusses"
509,ADSelfService Plus,Radhakrishnan,growth-marketing@zohocorp.com,Case study,Tripspark,Discusses how ADSSP's self-service password reset and account unlock features helped the organization.,,Up-to-date,2024,https://www.manageengine.com/active-directory-360/manage-and-protect-identities/case-studies/tripspark-and-adselfservice-plus.html,"self, adselfservice plus, tripspark, adssp, discusses"
510,ADSelfService Plus,Radhakrishnan,growth-marketing@zohocorp.com,Case study,George Clinical,Discusses how ADSSP's self-service password reset and account unlock features helped the organization.,,Up-to-date,2024,https://www.manageengine.com/active-directory-360/manage-and-protect-identities/case-studies/george-clinical-adselfservice-plus.html,"adselfservice plus, george, adssp, discusses, clinical"
511,ADSelfService Plus,Radhakrishnan,growth-marketing@zohocorp.com,Case study,Edmonton John Howard Society,Discusses how ADSSP's self-service password reset and account unlock features helped the organization.,,Up-to-date,2024,https://www.manageengine.com/active-directory-360/manage-and-protect-identities/case-studies/edmonton-john-howard-society-adselfservice-plus.html,"adselfservice plus, john, edmonton, adssp, howard"
512,ADSelfService Plus,Radhakrishnan,growth-marketing@zohocorp.com,Case study,Ruidoso Municipal School District,Discusses how ADSSP's self-service password reset and account unlock features helped the organization.,,Up-to-date,2024,https://www.manageengine.com/active-directory-360/manage-and-protect-identities/case-studies/ruidose-municipal-school-district.html,"adselfservice plus, school, ruidoso, adssp, municipal"
513,ADSelfService Plus,Radhakrishnan,growth-marketing@zohocorp.com,Case study,Penske Corporation,Discusses how ADSSP's self-service password reset and account unlock features helped the organization.,,Up-to-date,2024,https://www.manageengine.com/active-directory-360/manage-and-protect-identities/case-studies/penske-corporation-and-adselfservice-plus.html,"adselfservice plus, corporation, penske, adssp, discusses"
514,ADSelfService Plus,Radhakrishnan,growth-marketing@zohocorp.com,Case study,PA State System of Higher Education,Discusses how ADSSP's self-service password reset and account unlock features helped the organization.,,Up-to-date,2024,https://www.manageengine.com/active-directory-360/manage-and-protect-identities/case-studies/pennsylvania-state-system-of-higher-education.html,"adselfservice plus, state, higher, adssp, system"
515,ADSelfService Plus,Radhakrishnan,growth-marketing@zohocorp.com,Case study,Morgan County Schools,Discusses how ADSSP's self-service password reset and account unlock features helped the organization.,,Up-to-date,2024,https://www.manageengine.com/active-directory-360/manage-and-protect-identities/case-studies/morgan-county-schools-and-adselfservice-plus.html,"adselfservice plus, county, morgan, adssp, schools"
516,ADSelfService Plus,Radhakrishnan,growth-marketing@zohocorp.com,Case study,Keim Company,Discusses how ADSSP's self-service password reset and account unlock features helped the organization.,,Up-to-date,2024,https://www.manageengine.com/active-directory-360/manage-and-protect-identities/case-studies/keim-company-and-adselfservice-plus.html,"adselfservice plus, keim, company, adssp, discusses"
517,ADSelfService Plus,Radhakrishnan,growth-marketing@zohocorp.com,Case study,Onset Computers,Discusses how ADSSP's self-service password reset and account unlock features helped the organization.,,Up-to-date,2024,https://manageengine.com/active-directory-360/manage-and-protect-identities/case-studies/onset-computer-corp-and-adselfservice-plus.html,"adselfservice plus, onset, adssp, discusses, computers"
518,ADSelfService Plus,Radhakrishnan,growth-marketing@zohocorp.com,Case study,Davis Express,Discusses how ADSSP's self-service password reset and account unlock features helped the organization.,,Up-to-date,2024,https://manageengine.com/active-directory-360/manage-and-protect-identities/case-studies/davis-express-and-adselfservice-plus.html,"adselfservice plus, davis, express, adssp, discusses"
519,ADSelfService Plus,Radhakrishnan,growth-marketing@zohocorp.com,Case study,Adani Group,Discusses how ADSSP's self-service password reset and account unlock features helped the organization.,,Up-to-date,2024,https://manageengine.com/active-directory-360/manage-and-protect-identities/case-studies/adani-group-and-adselfservice-plus.html,"adselfservice plus, discusses, group, adssp, adani"
520,Recovery Manager Plus,Dhilip R,rmp-marketing@zohocorp.com,Brochure or flyer,Brochure,Brochure,,Up-to-date,Feb 2025,https://download.manageengine.com/ad-recovery-manager/unified-enterprise-backup-and-restoration-tool.pdf,"rmp, recovery manager plus, brochure"
521,Recovery Manager Plus,Dhilip R,rmp-marketing@zohocorp.com,Datasheet,Datasheet,"A PDF with 2-3 pages that gives an overview of the product, its features, and technical details such as system requirements.",,Up-to-date,Feb 2025,https://download.manageengine.com/ad-recovery-manager/recovery-manager-plus-datasheet.pdf,"pages, datasheet, rmp, recovery manager plus, pdf"
522,Recovery Manager Plus,Dhilip R,rmp-marketing@zohocorp.com,Presentation,Slide deck,"PPT with 20-30 slides giving an overview of the product, its features, benefits, etc.",,Up-to-date,Feb 2024,https://workdrive.zoho.com/file/ekh8h37ad1854d9f9488181287a3912c7127d,"slide, rmp, recovery manager plus, ppt, deck"
523,Recovery Manager Plus,Dhilip R,rmp-marketing@zohocorp.com,Other,Battlecard,"A PDF that shows where the product stands in the current market and how to pitch the product to a lead.
Note: For internal and reseller consumption only.",,Under update,2021,https://workdrive.zoho.com/file/5m24kef15f2cc5df046baa77f3fefcc603c14,"battlecard, rmp, recovery manager plus, shows, pdf"
524,Recovery Manager Plus,Dhilip R,rmp-marketing@zohocorp.com,E-book or guide,Use cases document,A PDF that lists the important use cases the product addresses.,,Up-to-date,Feb 2025,https://workdrive.zoho.com/file/5m24k29b3dec8348b453f883bf0af75f8c541,"cases, rmp, recovery manager plus, pdf, use"
525,Recovery Manager Plus,Dhilip R,rmp-marketing@zohocorp.com,Other,Sales cheat sheet,"A PDF that shows where the product stands in the current market, list the customer pain points, business benefits, use cases, and how to pitch the product to a lead. Note : For internal and reseller consumption only.",,Under update,Feb 2024,https://workdrive.zoho.com/file/2si3r0b8e1d3ab9db4cdbaa16c8c80dbcff8d,"cheat, sales, rmp, recovery manager plus, sheet"
526,Recovery Manager Plus,Dhilip R,rmp-marketing@zohocorp.com,Datasheet,RecoveryManager Plus datasheet,A PDF that gives an overview of the backup and recovery features provided by the product .,,Up-to-date,Feb 2025,https://download.manageengine.com/ad-recovery-manager/recovery-manager-plus-datasheet.pdf,"datasheet, rmp, recovery manager plus, pdf, recoverymanager"
527,Recovery Manager Plus,Dhilip R,rmp-marketing@zohocorp.com,Datasheet,Active Directory datasheet,A PDF with 2-3 pages that gives an overview of the backup and recovery features provided by the product for Active Directory.,,Up-to-date,Feb 2025,https://download.manageengine.com/ad-recovery-manager/ad-recovery-manager-plus-brochure.pdf,"active, directory, datasheet, rmp, recovery manager plus"
528,Recovery Manager Plus,Dhilip R,rmp-marketing@zohocorp.com,Datasheet,Microsoft Entra ID datasheet,A PDF with 2-3 pages that gives an overview of the backup and recovery features provided by the product for Microsoft Entra ID.,,Up-to-date,Feb 2025,https://download.manageengine.com/ad-recovery-manager/azure-ad-backup-and-restore.pdf,"datasheet, entra, microsoft, rmp, recovery manager plus"
529,Recovery Manager Plus,Dhilip R,rmp-marketing@zohocorp.com,Datasheet,Microsoft 365 datasheet,A PDF with 2-3 pages that gives an overview of the backup and recovery features provided by the product for Microsoft 365.,,Up-to-date,Feb 2025,https://download.manageengine.com/ad-recovery-manager/office-365-backup-and-restore.pdf,"datasheet, microsoft, rmp, recovery manager plus, 365"
530,Recovery Manager Plus,Dhilip R,rmp-marketing@zohocorp.com,Datasheet,Exchange datasheet,A PDF with 2-3 pages that gives an overview of the backup and recovery features provided by the product for Exchange.,,Up-to-date,Feb 2025,https://download.manageengine.com/ad-recovery-manager/exchange-online-backup-restore-datasheet.pdf,"exchange, datasheet, rmp, recovery manager plus, pdf"
531,Recovery Manager Plus,Dhilip R,rmp-marketing@zohocorp.com,Datasheet,Google Workspace datasheet,A PDF with 2-3 pages that gives an overview of the backup and recovery features provided by the product for Google Workspace,,Up-to-date,Feb 2025,https://download.manageengine.com/ad-recovery-manager/google-workspace-backup-and-restore.pdf,"workspace, datasheet, rmp, recovery manager plus, google"
532,Recovery Manager Plus,Dhilip R,rmp-marketing@zohocorp.com,Datasheet,Zoho WorkDrive datasheet,A PDF with 2-3 pages that gives an overview of the backup and recovery features provided by the product for Zoho WorkDrive.,,Up-to-date,Feb 2025,https://download.manageengine.com/ad-recovery-manager/zoho-workdrive-backups.pdf,"datasheet, workdrive, rmp, recovery manager plus, zoho"
533,Recovery Manager Plus,Dhilip R,rmp-marketing@zohocorp.com,Help doc,Admin guide,"Provides you the details of system requirements, product installation and start up. Guides you in configuring RecoveryManager Plus and provides the steps to use all the features.",,Up-to-date,January 2025,https://www.manageengine.com/ad-recovery-manager/help/guide.html,"admin, details, provides, rmp, recovery manager plus"
534,Recovery Manager Plus,Dhilip R,rmp-marketing@zohocorp.com,E-book or guide,Architecture guide,Provides information how  each module of RecoveryManager  Plus  works with AD.,,Up-to-date,February 2025,https://download.manageengine.com/ad-recovery-manager/recoverymanager-plus-architecture.pdf,"information, architecture, provides, rmp, recovery manager plus"
535,Recovery Manager Plus,Dhilip R,rmp-marketing@zohocorp.com,E-book or guide,Permissions guide,"Provides the minimum permissions required by RecoveryManager  Plus  for seamless functioning,",,Up-to-date,February 2025,https://download.manageengine.com/ad-recovery-manager/roles-and-permissions-required-to-back-up-enterprise-applications-using-recoverymanager-plus.pdf,"minimum, permissions, provides, rmp, recovery manager plus"
536,Recovery Manager Plus,Dhilip R,rmp-marketing@zohocorp.com,E-book or guide,Security measures guide,This document provides the steps needed to improve the security for your RecoveryManager  Plus  instance,,Up-to-date,February 2025,https://download.manageengine.com/ad-recovery-manager/security-hardening-for-recoverymanager-plus.pdf,"provides, rmp, recovery manager plus, measures, security"
537,Recovery Manager Plus,Dhilip R,rmp-marketing@zohocorp.com,Other,RFP template,This is a detailed request for proposal document that describes the features of RecoveryManager  Plus .,,Up-to-date,Dec 2024,https://workdrive.zoho.com/file/lgqsme224bfb4dfc541c48d716f5afd657b7a,"template, detailed, rmp, recovery manager plus, rfp"
538,Recovery Manager Plus,Dhilip R,rmp-marketing@zohocorp.com,Other,SOW document,This document details the activities that will be a part of RecoveryManager  Plus  implementation.,,Up-to-date,February 2025,https://workdrive.zoho.com/file/irhu2bc786bbf6e374d998c549f7e0b8e2702,"details, activities, rmp, recovery manager plus, sow"
539,Recovery Manager Plus,Dhilip R,rmp-marketing@zohocorp.com,Other,VPAT,"The purpose of the Voluntary Product Accessibility Template, or VPAT™, is to assist Federal contracting officials and other buyers in making preliminary assessments regarding the availability of commercial “Electronic and Information Technology” products and services with features that support accessibility.",,Up-to-date,April 2024,https://workdrive.zoho.com/file/t001hf02b34571e8845ba8366381daddf29d1,"purpose, rmp, recovery manager plus, accessibility, vpat"
540,Recovery Manager Plus,Dhilip R,rmp-marketing@zohocorp.com,E-book or guide,Quick start/Installation/Deployment guide,"Provides you the details of system requirements, product installation and start up.",,Up-to-date,February 2025,https://download.manageengine.com/ad-recovery-manager/quick-start-guide.pdf,"quick, rmp, start, recovery manager plus, installation"
541,Recovery Manager Plus,Dhilip R,rmp-marketing@zohocorp.com,E-book or guide,System requirements,Lists the hardware and software requirements of RecoveryManager Plus,,Up-to-date,October 2024,https://download.manageengine.com/ad-recovery-manager/system-and-port-requirements.pdf,"lists, rmp, recovery manager plus, requirements, system"
542,Recovery Manager Plus,Dhilip R,rmp-marketing@zohocorp.com,E-book or guide,Server migration guide,This document will guide you through the process of migrating your RecoveryManager Plus installation from one machine to another.,,Up-to-date,December 2024,https://download.manageengine.com/ad-recovery-manager/migrating-recoverymanager-plus-to-a-new-server.pdf,"server, process, rmp, recovery manager plus, migration"
543,Recovery Manager Plus,Dhilip R,rmp-marketing@zohocorp.com,E-book or guide,Best practices guide,Provides AD and M365 backup best practices.,,Up-to-date,October 2024,https://download.manageengine.com/ad-recovery-manager/recoverymanager-plus-installation-best-practices-guide.pdf,"practices, best, provides, rmp, recovery manager plus"
544,Recovery Manager Plus,Dhilip R,rmp-marketing@zohocorp.com,E-book or guide,How to install an SSL certificate in RecoveryManager Plus,Provides the steps to install an SSL certificate in RecoveryManager Plus,,Up-to-date,February 2024,https://download.manageengine.com/ad-recovery-manager/ssl-certificate-recoverymanager-plus.pdf,"ssl, certificate, rmp, recovery manager plus, install"
545,Recovery Manager Plus,Dhilip R,rmp-marketing@zohocorp.com,E-book or guide,Restoring individual attributes of an AD object to any previous value,Guides how to restore individual attributes of an AD object to any previous value,,Up-to-date,February 2025,https://download.manageengine.com/ad-recovery-manager/restore-ad-attributes-recovery-manager-plus.pdf,"object, attributes, rmp, recovery manager plus, individual"
546,Recovery Manager Plus,Dhilip R,rmp-marketing@zohocorp.com,E-book or guide,RecoveryManager Plus does what PowerShell can't,Learn what RecoveryManager Plus does what PowerShell can't,,Up-to-date,February 2025,https://download.manageengine.com/ad-recovery-manager/powershell-ad-backup-vs-recovery-manager-plus.pdf,"rmp, recovery manager plus, learn, powershell, recoverymanager"
547,Recovery Manager Plus,Dhilip R,rmp-marketing@zohocorp.com,E-book or guide,How to perform item-level restorations in Exchange mailboxes,Helps to perform item-level restorations in Exchange mailboxes,,Up-to-date,February 2025,https://download.manageengine.com/ad-recovery-manager/exchange-item-level-restore.pdf,"level, item, rmp, recovery manager plus, perform"
548,Recovery Manager Plus,Dhilip R,rmp-marketing@zohocorp.com,E-book or guide,Regulatory compliance with customizable retention policies,Learn how to meet regulatory compliance with customizable retention policies,,Up-to-date,2021,https://download.manageengine.com/ad-recovery-manager/office-365-regulatory-compliance.pdf,"customizable, compliance, regulatory, rmp, recovery manager plus"
549,Recovery Manager Plus,Dhilip R,rmp-marketing@zohocorp.com,E-book or guide,Protecting data in your Microsoft 365 services,This guide will analyze the reasons why the native Office 365 features provided for data protection are not sufficient and what kind of tools you can equip yourself with to improve your data security.,,Up-to-date,2024,https://download.manageengine.com/ad-recovery-manager/protecting-data-in-office-365-services.pdf,"data, rmp, recovery manager plus, 365, protecting"
550,Recovery Manager Plus,Dhilip R,rmp-marketing@zohocorp.com,Other,Training agenda,Contains a list of all the items that will be covered during training,,Up-to-date,February 2025,https://workdrive.zoho.com/file/t1bape333700f918a4330b39b7395a5b5350a,"rmp, recovery manager plus, training, contains, agenda"
551,Recovery Manager Plus,Dhilip R,rmp-marketing@zohocorp.com,Other,Third-party applications list,Lists all the third-party applications used in RecoveryManager Plus,,Up-to-date,January 2025,https://www.manageengine.com/ad-recovery-manager/help/third-party-software.html,"third, rmp, recovery manager plus, party, applications"
552,Recovery Manager Plus,Dhilip R,rmp-marketing@zohocorp.com,E-book or guide,POC guide,Details the proof of concept for RecoveryManager Plus,,To be created,,,"proof, poc, details, rmp, recovery manager plus"
553,Recovery Manager Plus,Dhilip R,rmp-marketing@zohocorp.com,Other,License FAQ,Answers frequently asked questions about RMP's licensing procedure,,Up-to-date,February 2024,https://www.manageengine.com/ad-recovery-manager/pricing-details.html,"rmp, recovery manager plus, answers, faq, license"
554,Recovery Manager Plus,Dhilip R,rmp-marketing@zohocorp.com,Comparison document,RecoveryManager Plus comparison template,Template for structuring the comparison document,,Up-to-date,Dec-2024,https://writer.zoho.com/writer/open/dlcy1cbb968654b4b472c83bdb09c195ffe1b,"comparison, template, rmp, recovery manager plus, recoverymanager"
555,Recovery Manager Plus,Dhilip R,rmp-marketing@zohocorp.com,Comparison document,RecoveryManager Plus Vs AD backup template,Template for structuring the comparison document,,Up-to-date,Apr-2024,,"backup, template, rmp, recovery manager plus, recoverymanager"
556,Recovery Manager Plus,Dhilip R,rmp-marketing@zohocorp.com,Comparison document,RecoveryManager Plus vs M365 backup template,Template for structuring the comparison document,,Up-to-date,Apr-2024,,"template, rmp, recovery manager plus, m365, recoverymanager"
557,Recovery Manager Plus,Dhilip R,rmp-marketing@zohocorp.com,Comparison document,RecoveryManager Plus vs ADManager Plus backup and recovery add-on,Comparison doc between RecoveryManager Plus and ADManager Plus backup add-on,,Up-to-date,May-2024,https://workdrive.zoho.com/file/p0rv9c7d7ec67cab04743a0467f19b8bb1499,"admanager, backup, rmp, recovery manager plus, recoverymanager"
558,Recovery Manager Plus,Dhilip R,rmp-marketing@zohocorp.com,Comparison document,RecoveryManager Plus vs ADAudit Plus backup and recovery add-on,Comparison doc between RecoveryManager Plus and ADAudit Plus backup add-on,,Up-to-date,Jul-2024,https://workdrive.zoho.com/file/qz187a9f77fe6e9a3480b97bb258d0c8b7b97,"adaudit, backup, rmp, recovery manager plus, recoverymanager"
559,Recovery Manager Plus,Dhilip R,rmp-marketing@zohocorp.com,Comparison document,RecoveryManager Plus vs Microsoft backup tools,Comparison doc between RecoveryManager Plus and Microsoft backup tools,,Up-to-date,Jul-2024,https://workdrive.zoho.com/file/77zql81c2c9ad005e477fbefc59be33fdf232 https://www.manageengine.com/ad-recovery-manager/comparison/microsoft-backuptool-alternative.html,"backup, microsoft, rmp, recovery manager plus, recoverymanager"
560,Recovery Manager Plus,Dhilip R,rmp-marketing@zohocorp.com,Comparison document,RecoveryManager Plus vs Quest Recovery Manager,Comparison doc between RecoveryManager Plus and Quest Recovery Manager,,Up-to-date,Apr-2024,https://workdrive.zoho.com/file/77zql516f8943de104801bbcff0d4d8cc02ca,"recovery, rmp, recovery manager plus, quest, recoverymanager"
561,Recovery Manager Plus,Dhilip R,rmp-marketing@zohocorp.com,Comparison document,RecoveryManager Plus vs Veeam,Comparison doc between RecoveryManager Plus and Veeam,,Under update,,,"comparison, rmp, recovery manager plus, veeam, recoverymanager"
562,Recovery Manager Plus,Dhilip R,rmp-marketing@zohocorp.com,Comparison document,RecoveryManager Plus vs M365 Security Plus,Comparison doc between RecoveryManager Plus and M365 Security Plus,,Up-to-date,October 2024,https://workdrive.zoho.com/file/u9163d49b863d2e1243d6b395e1569ee241b5,"rmp, recovery manager plus, m365, recoverymanager, security"
563,Recovery Manager Plus,Dhilip R,rmp-marketing@zohocorp.com,Comparison document,RecoveryManager Plus vs Semperis,Comparison doc between RecoveryManagerPlus and Semperis,,Up-to-date,November 2024,https://workdrive.zoho.com/file/hm9uy49203973a34748869616ebb6183e7b0c,"comparison, semperis, rmp, recovery manager plus, recoverymanager"
564,Recovery Manager Plus,Dhilip R,rmp-marketing@zohocorp.com,E-book or guide,Disaster recovery as you pivot to working remotely,"In this e-book, you'll learn:
1. Key components of a business continuity plan
2. How to align data protection with business requirements
3.How to integrate your incident response plan with backup processes
4. Why a proactive backup and recovery tool can help reduce the risk of downtime",,To be updated,2020,https://www.manageengine.com/ad-recovery-manager/it-disaster-recovery-plan.html,"plan, recovery, business, rmp, recovery manager plus"
565,Recovery Manager Plus,Dhilip R,rmp-marketing@zohocorp.com,E-book or guide,9 reasons why you need to back up your Microsoft 365 data,Read this e-book to learn about 9 compelling reasons as to why you need a disaster recovery solution.,,Up-to-date,2024,https://www.manageengine.com/ad-recovery-manager/why-you-need-to-backup-office-365.html?ebookpage,"rmp, recovery manager plus, reasons, back, need"
566,Recovery Manager Plus,Dhilip R,rmp-marketing@zohocorp.com,E-book or guide,A 3-step guide to fortifying critical electronic health records,"In this e-book, we'll cover:
1. How healthcare IT staff can secure protected health information (PHI) and meet HIPAA compliance.
2. The importance of a sound business continuity and disaster recovery plan.
3. Best practices to follow while backing up critical data.
4. Key features to look for in a comprehensive backup and recovery solution.",,Up-to-date,2020,https://www.manageengine.com/ad-recovery-manager/healthcare-data-security.html?ebookpage,"recovery, critical, rmp, recovery manager plus, health"
567,Recovery Manager Plus,Dhilip R,rmp-marketing@zohocorp.com,E-book or guide,How good is your AD backup and recovery solution?,Read this e-book to learn about 5 key features any AD backup solution should have.,,Up-to-date,2020,https://www.manageengine.com/ad-recovery-manager/5-key-features-active-directory-backup-solution-must-have.html?ebookpage,"backup, good, rmp, recovery manager plus, solution"
568,Recovery Manager Plus,Dhilip R,rmp-marketing@zohocorp.com,E-book or guide,Creating a disaster recovery plan for Azure AD and Microsoft 365,Read this e-book to learn about 5 compelling reasons you need a disaster recovery solution for your Azure AD and Microsoft 365 environment.,,Up-to-date,2020,https://www.manageengine.com/ad-recovery-manager/create-disaster-recovery-plan.html?ebookpage,"recovery, disaster, azure, rmp, recovery manager plus"
569,Recovery Manager Plus,Dhilip R,rmp-marketing@zohocorp.com,Case study,Aspire Lifestyles,Concierge,,Up-to-date,Unavailable,https://www.manageengine.com/ad-recovery-manager/microsoft-365-back-up-solution-for-asipire-lifestyles-case-study.html,"aspire, lifestyles, rmp, recovery manager plus, concierge"
570,Recovery Manager Plus,Dhilip R,rmp-marketing@zohocorp.com,Case study,Sandler O'Neill and Partners,Finance,,Up-to-date,Unavailable,https://www.manageengine.com/ad-recovery-manager/backup-solution-case-study-sandler-o-neill.html,"partners, neill, sandler, rmp, recovery manager plus"
571,Recovery Manager Plus,Dhilip R,growth-marketing@zohocorp.com,Case study,Novobanco,BFSI,,Up-to-date,2025,https://www.manageengine.com/active-directory-360/manage-and-protect-identities/case-studies/novobanco-and-recoverymanager-plus.html,"rmp, recovery manager plus, bfsi, novobanco"
572,Exchange Reporter Plus,Dhilip R,erp-marketing@zohocorp.com,Brochure or flyer,Brochure,"A PDF with 2-3 pages that gives an overview of the product, its features, and benefits, and basic pricing/licensing details.",,Up-to-date,September 2023,https://download.manageengine.com/products/exchange-reports/exchange-reporter-plus-brochures.pdf,"brochure, pages, erp, pdf, exchange reporter plus"
573,Exchange Reporter Plus,Dhilip R,erp-marketing@zohocorp.com,Datasheet,Datasheet,"A PDF with 2-3 pages that gives an overview of the product, its features, and technical details such as system requirements.",,Up-to-date,"October, 2023",https://download.manageengine.com/products/exchange-reports/exchange-reporter-plus-datasheet.pdf,"pages, datasheet, erp, pdf, exchange reporter plus"
574,Exchange Reporter Plus,Dhilip R,erp-marketing@zohocorp.com,Presentation,Slide deck,"PPT with 20-30 slides giving an overview of the product, its features, benefits, etc.",,Up-to-date,"November, 2023",https://show.zoho.com/show/open/2mx4t094949071337418d871799dbcd78c8fb,"slide, erp, ppt, deck, exchange reporter plus"
575,Exchange Reporter Plus,Dhilip R,erp-marketing@zohocorp.com,Other,Battlecard,"A PDF that shows where the product stands in the current market and how to pitch the product to a lead.
Note: For internal and reseller consumption only.",,Up-to-date,"June, 2024",https://workdrive.zoho.com/file/e5jyw148e5c1c35a347aba406021eb78d23b1,"battlecard, erp, shows, pdf, exchange reporter plus"
576,Exchange Reporter Plus,Dhilip R,erp-marketing@zohocorp.com,Other,ROI calculator,A webpage that shows the ROI of the product.,,Up-to-date,"January, 2024",https://www.manageengine.com/products/exchange-reports/exchange-reporter-roi-calculator.html,"calculator, roi, erp, exchange reporter plus, webpage"
577,Exchange Reporter Plus,Dhilip R,erp-marketing@zohocorp.com,E-book or guide,Use cases document,A PDF that lists the important use cases the product addresses.,,Up-to-date,August 2024,https://workdrive.zoho.com/file/ff1sceb22b1da11d345f49d7254c62ecc653a,"cases, erp, pdf, use, exchange reporter plus"
578,Exchange Reporter Plus,Dhilip R,erp-marketing@zohocorp.com,Technical Document,Admin guide,"Provides you the details of system requirements, product installation and start up. Guides you in configuring Exchange Reporter Plus and provides the steps to use all the features.",,Up-to-date,Mar 25,https://www.manageengine.com/products/exchange-reports/help/index.html,"admin, erp, details, provides, exchange reporter plus"
579,Exchange Reporter Plus,Dhilip R,erp-marketing@zohocorp.com,Technical Document,Architecture guide,Provides information how  each module of Exchange Reporter Plus  works with AD.,,Up-to-date,Mar 24,https://download.manageengine.com/products/exchange-reports/exchange-reporter-plus-architecture.pdf,"information, architecture, erp, provides, exchange reporter plus"
580,Exchange Reporter Plus,Dhilip R,erp-marketing@zohocorp.com,Technical Document,Permissions guide,"Provides the minimum permissions required by Exchange Reporter Plus  for seamless functioning,",,Up-to-date,Nov 24,https://download.manageengine.com/products/exchange-reports/erp-permission-document.pdf,"minimum, permissions, erp, provides, exchange reporter plus"
581,Exchange Reporter Plus,Dhilip R,erp-marketing@zohocorp.com,Technical Document,Security measures guide,This document provides the steps needed to improve the security for your Exchange Reporter Plus  instance,,Up-to-date,Unavailable,https://download.manageengine.com/products/exchange-reports/securing-exchange-reporter-plus-installation.pdf,"erp, provides, exchange reporter plus, measures, security"
582,Exchange Reporter Plus,Dhilip R,erp-marketing@zohocorp.com,Technical Document,RFP template,This is a detailed request for proposal document that describes the features of Exchange Reporter Plus .,,Up-to-date,Nov 23,https://workdrive.zoho.com/file/8t2919e0c93ba5ba440afa35caead277d7c41,"rfp, template, erp, detailed, exchange reporter plus"
583,Exchange Reporter Plus,Dhilip R,erp-marketing@zohocorp.com,Technical Document,SOW template,This document details the activities that will be a part of Exchange Reporter Plus  implementation.,,Up-to-date,Mar 24,https://workdrive.zoho.com/file/jztfs189c16aa7bb343cc91b17ce6b7d04079,"template, erp, details, sow, exchange reporter plus"
584,Exchange Reporter Plus,Dhilip R,erp-marketing@zohocorp.com,Technical Document,Training agenda,Agenda of the the training plan to take Exchange Reporter Plus certification exam.,,Up-to-date,Jun 24,https://workdrive.zoho.com/file/jztfs7b9aa526e3f9428984ee09fe5c0c218c,"plan, erp, training, exchange reporter plus, agenda"
585,Exchange Reporter Plus,Dhilip R,erp-marketing@zohocorp.com,Technical Document,SSL guide,"Guide to install SSL certificate in Exchange Reporter Plus,",,Up-to-date,Apr 24,https://download.manageengine.com/products/exchange-reports/ssl-guide.pdf,"ssl, certificate, erp, exchange reporter plus, install"
586,Exchange Reporter Plus,Dhilip R,erp-marketing@zohocorp.com,Technical Document,Data integrity techniques and security measures,Includes the data integrity techniques and security measures used by Exchange Reporter Plus.,,Up-to-date,Apr 24,https://workdrive.zoho.com/file/h47h24f53c627407f400abc2b4ff34c8f5af8,"data, integrity, erp, techniques, exchange reporter plus"
587,Exchange Reporter Plus,Dhilip R,erp-marketing@zohocorp.com,Technical Document,Health check document,Includes various methods by which the end-users themselves can check and analyze whether the various modules in their ERP installation are functioning properly or not.,,Up-to-date,Apr 24,https://workdrive.zoho.com/file/5b6w973f4ab30dce14c62af7ab92801ea7dc1,"check, health, erp, various, exchange reporter plus"
588,Exchange Reporter Plus,Dhilip R,erp-marketing@zohocorp.com,Technical Document,VPAT,"The purpose of the Voluntary Product Accessibility Template, or VPAT™, is to assist Federal contracting officials and other buyers in making preliminary assessments regarding the availability of commercial “Electronic and Information Technology” products and services with features that support accessibility.",,Up-to-date,"1 Jul, 2024",https://workdrive.zoho.com/file/qkzkr1a71a2a5ea314a4d93e6a1ea31d654de,"purpose, erp, exchange reporter plus, accessibility, vpat"
589,Exchange Reporter Plus,Dhilip R,erp-marketing@zohocorp.com,Technical Document,MECPA,Questionnaire to be used for MECPA certification. Includes a few mock questions. (Basic level),,Up-to-date,"18 Feb, 2025",https://writer.zoho.com/writer/open/8hv8t3ed34d3277d64048bb8a1f660c26105b,"questionnaire, used, mecpa, erp, exchange reporter plus"
590,Exchange Reporter Plus,Dhilip R,erp-marketing@zohocorp.com,Technical Document,MECPP,Questionnaire to be used for MECPA certification. Includes a few mock questions. (Advanced level),,Under update,Unavailable,https://workdrive.zoho.com/file/jztfs563c97f3278e4c919f1c6ed46c56cc95,"questionnaire, used, mecpp, erp, exchange reporter plus"
591,Exchange Reporter Plus,Dhilip R,erp-marketing@zohocorp.com,Technical Document,ME certification training guide,Training material for those who want to take up MECPA or MECPP exams.,,Up-to-date,"1 Jul, 2024",https://workdrive.zoho.com/file/iwq9l0d5daf0a1c094a4b8c3305c683d2f3e3,"certification, erp, training, exchange reporter plus, material"
592,Exchange Reporter Plus,Dhilip R,erp-marketing@zohocorp.com,Technical Document,Database maintenance in Exchange Reporter Plus,FAQs on database configuration and maintenance.,,Up-to-date,"1 Jul, 2024",https://www.manageengine.com/products/exchange-reports/exchange-reporter-plus-db-maintanence.html,"exchange, database, maintenance, erp, exchange reporter plus"
593,Exchange Reporter Plus,Dhilip R,erp-marketing@zohocorp.com,Technical Document,MS SQL SSL connection guide,This document is intended for admins who want to secure the connection between their MS SQL database and Exchange Reporter Plus with an SSL certificate.,,Up-to-date,"1 Jul, 2024",https://download.manageengine.com/products/exchange-reports/exchangereporterplus-mssql-https-secure-connection-guide.pdf,"ssl, connection, sql, erp, exchange reporter plus"
594,Exchange Reporter Plus,Dhilip R,erp-marketing@zohocorp.com,Technical Document,Database migration guide,Includes steps to migrate from PostgreSQL to MS SQL server.,,Up-to-date,"26 Feb, 2025",https://download.manageengine.com/products/exchange-reports/postgresql-to-mssql-server-migration.pdf,"includes, database, erp, migration, exchange reporter plus"
595,Exchange Reporter Plus,Dhilip R,erp-marketing@zohocorp.com,Technical Document,Third-party applications list,Lists all the third-party applications used in Exchange Reporter Plus.,,Up-to-date,"1 Jul, 2024",https://www.manageengine.com/products/exchange-reports/help/third-party-software.html,"third, erp, exchange reporter plus, party, applications"
596,Exchange Reporter Plus,Dhilip R,erp-marketing@zohocorp.com,Technical Document,POC guide,Details the proof of concept for Exchange Reporter Plus,,Up-to-date,"27 Sep, 2024",https://workdrive.zoho.com/file/1y3hp5109dd1828fc4dccbc16efa9f5f2ef0e,"proof, erp, poc, details, exchange reporter plus"
597,Exchange Reporter Plus,Dhilip R,erp-marketing@zohocorp.com,Technical Document,Quick start/Installation/Deployment guide,"Provides you the details of system requirements, product installation and start up.",,Up-to-date,"1 Jul, 2024",https://download.manageengine.com/products/exchange-reports/quick-configuration-guide.pdf,"erp, quick, start, exchange reporter plus, installation"
598,Exchange Reporter Plus,Dhilip R,erp-marketing@zohocorp.com,Technical Document,Server Migration Guide,Provides the steps to migrate the data from an old instance of Exchange Reporter Plus to a new one,,Up-to-date,"1 Jul, 2024",https://workdrive.zoho.com/file/swb2x2badc117c72d4543b4e9a31b35433630,"server, erp, provides, migration, exchange reporter plus"
599,Exchange Reporter Plus,Dhilip R,erp-marketing@zohocorp.com,E-book or guide,3 steps to ensure Exchange Online Security,This ebook describes 3 critical security controls that help scure Exchange Online.,,Up-to-date,2020,https://download.manageengine.com/products/exchange-reports/exchange-online-security-solution-brief.pdf,"exchange, online, erp, exchange reporter plus, security"
600,Exchange Reporter Plus,Dhilip R,erp-marketing@zohocorp.com,Whitepaper,Secure your Exchange environment with Exchange Reporter Plus,This resource describes how Exchange Reporter Plus can help secure Exchange Server using its built-in reports.,,Up-to-date,2020,https://download.manageengine.com/products/exchange-reports/exchange-environment-security-with-exchange-reporter-plus.pdf,"exchange, reporter, erp, secure, exchange reporter plus"
601,Exchange Reporter Plus,Dhilip R,erp-marketing@zohocorp.com,Whitepaper,Overcome native limitations and maximize visibility into your Microsoft Exchange Server,Learn why Exchange Reporter is superior to the native server features.,,Up-to-date,2020,https://www.manageengine.com/products/exchange-reports/ebooks/overcome-native-limitations-in-exchange-server.html?source=product_pg,"server, exchange, erp, native, exchange reporter plus"
602,Exchange Reporter Plus,Dhilip R,erp-marketing@zohocorp.com,Whitepaper,CISA's recommendations on how to recognize and avoid email scams,Learn hoe to implemented the CISA recommended security controls for Exchange Server.,,Up-to-date,2020,https://www.manageengine.com/products/exchange-reports/ebooks/cisa-recommends-how-to-recognize-and-avoid-email-scams.html?source=product_pg,"recognize, cisa, erp, recommendations, exchange reporter plus"
603,Exchange Reporter Plus,Dhilip R,erp-marketing@zohocorp.com,Whitepaper,3 steps to ensure email security in the post COVID-19 era,Learn the steps to secure your organizations' emails.,,Up-to-date,2020,https://www.manageengine.com/products/exchange-reports/ebooks/ways-to-ensure-post-COVID19-email-security.html?source=product_pg,"erp, email, ensure, steps, exchange reporter plus"
604,Exchange Reporter Plus,Dhilip R,erp-marketing@zohocorp.com,E-book or guide,Strategic roadmap to ensure Exchange security in remote environment,"This e-book presents seven steps to help you ensure Exchange security. We also discuss how Exchange Reporter Plus, a reporting, auditing, monitoring, and content search solution for Exchange Server, Exchange Online, and Skype for Business, enables you to perform these steps  and manage your organization's email environment.",,Up-to-date,2020,https://download.manageengine.com/products/exchange-reports/strategic-roadmap-to-ensure-exchange-security.pdf,"exchange, erp, ensure, exchange reporter plus, security"
605,Exchange Reporter Plus,Dhilip R,erp-marketing@zohocorp.com,Comparison document,Template,Template for structuring the comparison document,,Up-to-date,Jan 24,https://writer.zoho.com/writer/open/k9p88e1540c2e8be7459ca20c711149a72496,"comparison, structuring, template, erp, exchange reporter plus"
606,Exchange Reporter Plus,Dhilip R,erp-marketing@zohocorp.com,Comparison document,ERP vs native Exchange Server,Comparison doc between Exchange Reporter Plus and the native Exchange Server,,Up-to-date,Apr 24,https://workdrive.zoho.com/file/2douy7b12ca0d3e1e4d6aa0d94f9bb271aefa,"server, exchange, erp, native, exchange reporter plus"
607,Exchange Reporter Plus,Dhilip R,erp-marketing@zohocorp.com,Comparison document,ERP vs Splunk Content Pack for Microsoft Exchange,Comparison doc between Exchange Reporter Plus and the Splunk Content Pack for Microsoft Exchange,,Up-to-date,Apr 24,https://workdrive.zoho.com/file/qkzkr5b2b3edbeecc40999240d8b6a1fe65af,"exchange, content, erp, exchange reporter plus, splunk"
608,Exchange Reporter Plus,Dhilip R,erp-marketing@zohocorp.com,Comparison document,ERP vs Promodag,Comparison doc between Exchange Reporter Plus and Promodag,,Up-to-date,Apr 24,https://workdrive.zoho.com/file/5i8xt15ab7fca9d0c484dbb208d46eec0c4c1,"comparison, erp, exchange reporter plus, promodag, doc"
609,Exchange Reporter Plus,Dhilip R,erp-marketing@zohocorp.com,Comparison document,ERP vs Quest Enterprise Reporter for Exchange,Comparison doc between Exchange Reporter Plus and Quest Enterprise Reporter for Exchange,,Up-to-date,Apr 24,https://workdrive.zoho.com/file/tibto172adff2e6224832894007905049cc9a,"exchange, reporter, erp, quest, exchange reporter plus"
610,Exchange Reporter Plus,Dhilip R,erp-marketing@zohocorp.com,Comparison document,ERP vs Netwrix,Comparison doc between Exchange Reporter Plus and Netwrix,,Up-to-date,Jan 24,https://workdrive.zoho.com/file/tjpbxa688ba5011514a32a9ccf558ff9a3fc9,"netwrix, comparison, erp, exchange reporter plus, doc"
611,Exchange Reporter Plus,Dhilip R,erp-marketing@zohocorp.com,Case study,Sunbelt Rentals,Distribution,,Up-to-date,Unavailable,https://download.manageengine.com/products/exchange-reports/case-study-sunbelt-rentals-inc.pdf,"sunbelt, distribution, erp, rentals, exchange reporter plus"
612,Exchange Reporter Plus,Dhilip R,erp-marketing@zohocorp.com,Case study,Beyout Investment Group (BIG),Investment management,,Up-to-date,Unavailable,https://download.manageengine.com/products/exchange-reports/case-study-big-holding.pdf,"investment, erp, group, beyout, exchange reporter plus"
613,Exchange Reporter Plus,Dhilip R,erp-marketing@zohocorp.com,Case study,IBTS Constructions,Construction,,Up-to-date,Unavailable,https://download.manageengine.com/products/exchange-reports/case-study-ibts.pdf,"constructions, ibts, erp, exchange reporter plus, construction"
614,Exchange Reporter Plus,Dhilip R,erp-marketing@zohocorp.com,Case study,Life Management Center,Healthcare,,Up-to-date,Unavailable,https://download.manageengine.com/products/exchange-reports/case-study-ibts.pdf,"life, management, erp, center, exchange reporter plus"
615,Exchange Reporter Plus,Dhilip R,erp-marketing@zohocorp.com,Case study,Speedy Services,Rental,,Up-to-date,Unavailable,https://download.manageengine.com/products/exchange-reports/case-study-speedy-services.pdf,"erp, rental, exchange reporter plus, speedy, services"
616,Exchange Reporter Plus,Dhilip R,erp-marketing@zohocorp.com,Case study,Samsung SDS America,IT,,Up-to-date,Unavailable,https://download.manageengine.com/products/exchange-reports/case-study-life-management-center.pdf,"america, sds, erp, exchange reporter plus, samsung"
617,AD360,Gokulraj,ad360-marketing@zohocorp.com,Brochure or flyer,Brochure,"A PDF with 2-3 pages that gives an overview of the product, its features, and benefits, and basic pricing/licensing details.",,Up to date,Feb-2024,https://download.manageengine.com/active-directory-360/ad360-identity-governance-and-administration-solution.pdf,"brochure, pages, ad360, pdf, gives"
618,AD360,Gokulraj,ad360-marketing@zohocorp.com,Presentation,Slide deck,"Comprehensive PPT giving an overview of the product, its features, benefits, etc.",,Up to date,Oct-2024,https://workdrive.zoho.com/file/uirisd16225d702c24a8d9271a96833cd31d7,"comprehensive, slide, ad360, ppt, deck"
619,AD360,Gokulraj,ad360-marketing@zohocorp.com,Presentation,Slide deck PDF,"PDF of the product presentation,",,Up to date,Oct-2024,https://workdrive.zoho.com/file/uirisef5d0a4be5234c07a4e46ac268684292,"presentation, slide, ad360, deck, pdf"
620,AD360,Gokulraj,ad360-marketing@zohocorp.com,Datasheet,Battlecard,"A PDF that shows where the product stands in the current market and how to pitch the product to a lead.
Note: For internal and reseller consumption only.",,To be updated,Feb-2024,https://workdrive.zoho.com/file/smgabb6c4e67586d04688b35bbd7f441200ab,"battlecard, ad360, shows, pdf, stands"
621,AD360,Gokulraj,ad360-marketing@zohocorp.com,Datasheet,Sales cheat sheet,"A PDF that shows where the product stands in the current market, list the customer pain points, business benefits, use cases, and how to pitch the product to a lead. Note: For internal and reseller consumption only.",,To be updated,Jan-2023,https://workdrive.zoho.com/file/smgabe7d8abc4f25a4e11a2e826db74044f32,"cheat, sales, ad360, sheet, pdf"
622,AD360,Gokulraj,ad360-marketing@zohocorp.com,E-book or guide,Cross- sell guide,This guide provides resellers tips on how to effectively cross sell our suite of products.,,Up to date,Jan-2023,https://workdrive.zoho.com/file/smgabd0fe356fa4514de980cf81e78677c7ea,"cross, sell, ad360, provides, resellers"
623,AD360,Gokulraj,ad360-marketing@zohocorp.com,Other,ROI calculator,A webpage that shows the ROI of the product.,,Up to date,Aug-2023,https://www.manageengine.com/products/ad-manager/roi-calculator.html,"calculator, roi, ad360, shows, webpage"
624,AD360,Gokulraj,ad360-marketing@zohocorp.com,E-book or guide,Use cases document,A PDF that lists the important use cases the product addresses.,,To be updated,Apr-2022,https://workdrive.zoho.com/file/smgab8ac65cae945f4a2d916e9db0e1354344,"cases, lists, ad360, pdf, use"
625,AD360,Gokulraj,ad360-marketing@zohocorp.com,E-book or guide,Business benefits to selling AD360,"This guide explains the reasons why resellers should focus on trying to sell AD360 as a suite of products instead of selling point products.

Note: For internal and reseller consumption only.",,Up to date,Jan-2023,https://workdrive.zoho.com/file/o3pa61d6855b687054f9db633ca3d1d6569ae,"selling, business, ad360, products, benefits"
626,AD360,Gokulraj,ad360-marketing@zohocorp.com,E-book or guide,AD360 licensing guide,This guide explains the different licensing components in AD360.,,Up to date,Aug-2024,https://workdrive.zoho.com/file/4luep9c745acb20e840f8af09ab2175fcc1a3,"explains, components, different, licensing, ad360"
627,AD360,Gokulraj,ad360-marketing@zohocorp.com,Help doc,Admin guide,"Provides you the details of system requirements, product installation and start up. Guides you in configuring ADManager Plus and provides the steps to use all the features.",,Up to date,,https://www.manageengine.com/active-directory-360/help/index.html,"admin, details, ad360, provides, system"
628,AD360,Gokulraj,ad360-marketing@zohocorp.com,E-book or guide,Architecture guide,Provides information on the product architecture.,,Up to date,May 2024,"https://download.manageengine.com/active-directory-360/ad360-solution-architecture.pdf

https://workdrive.zoho.com/file/tnjhy3e2cc387ef7946aba87d455e29c4a854","information, ad360, provides, architecture"
629,AD360,Gokulraj,ad360-marketing@zohocorp.com,E-book or guide,SSL guide,This document provides the steps needed to improve the security for your AD360 instance,,Up to date,Nov-2024,https://workdrive.zoho.com/file/9lwsh2fb69f3ea2b04269822bf87a0202a1fd,"ssl, needed, ad360, provides, steps"
630,AD360,Gokulraj,ad360-marketing@zohocorp.com,E-book or guide,Permissions guide,"Provides the minimum permmissions required by AD360 for seamless functioning,",,To be updated,,https://download.manageengine.com/active-directory-360/ad360-permissions-and-privileges-guide.pdf,"permmissions, minimum, permissions, ad360, provides"
631,AD360,Gokulraj,ad360-marketing@zohocorp.com,E-book or guide,Security measures guide,This document provides the steps needed to improve the security for your AD360 instance.,,Up to date,,https://download.manageengine.com/active-directory-360/ad360-security-privacy-and-confidentiality-measures.pdf,"ad360, provides, steps, measures, security"
632,AD360,Gokulraj,ad360-marketing@zohocorp.com,E-book or guide,System and port requirements,This document lists all the system and port requirements necessary for the smooth functioning of AD360.,,Up to date,May 2024,https://download.manageengine.com/active-directory-360/ad360-port-and-system-requirements.pdf,"port, lists, ad360, requirements, system"
633,AD360,Gokulraj,ad360-marketing@zohocorp.com,Other,RFP template,This is a detailed request for proposal document that describes the features of AD360.,,Up to date,Mar-2024,https://workdrive.zoho.com/file/1yf6f68ff5c58000c4e3da12b221407201869,"template, request, detailed, ad360, rfp"
634,AD360,Gokulraj,ad360-marketing@zohocorp.com,E-book or guide,POC guide,"Provides you the details of system requirements, product installation and start up.",,Up to date,Sep-2024,https://workdrive.zoho.com/file/5tw35561039651b334f2eb1aeca4e533d4222,"poc, details, ad360, provides, system"
635,AD360,Gokulraj,ad360-marketing@zohocorp.com,Other,SOW template,This document details the activities that will be a part of AD360 implementation.,,To be updated,Sep-2023,https://workdrive.zoho.com/file/sm7gpa5d45ef20f37434585c5a4f29575411b,"template, details, activities, ad360, sow"
636,AD360,Gokulraj,ad360-marketing@zohocorp.com,Other,VPAT,"The purpose of the Voluntary Product Accessibility Template, or VPAT™, is to
assist Federal contracting officials and other buyers in making preliminary 
assessments regarding the availability of commercial “Electronic and Information
Technology” products and services with features that support accessibility.",,Up to date,Mar-2024,https://workdrive.zoho.com/file/sm7gpc2e78737f3794bd4b1160c07234befb1,"purpose, voluntary, ad360, accessibility, vpat"
637,AD360,Gokulraj,ad360-marketing@zohocorp.com,E-book or guide,Server migration guide,This documents lists the steps to be followed when an instance of AD360 has to be moved from one server to another.,,To be created,,,"documents, server, lists, ad360, migration"
638,AD360,Gokulraj,ad360-marketing@zohocorp.com,E-book or guide,Database migration guide,This document lists the steps to be followed when the database used by the product has to be modified.,,Up to date,May-2024,https://download.manageengine.com/active-directory-360/postgresql-to-mssql-server-migration.pdf,"lists, database, ad360, steps, migration"
639,AD360,Gokulraj,ad360-marketing@zohocorp.com,E-book or guide,High availability guide,This document lists the steps to be followed to configure high availability for AD360.,,Up to date,May 2024,https://download.manageengine.com/active-directory-360/ad360-high-availability-configuration-guide.pdf,"lists, ad360, high, steps, availability"
640,AD360,Gokulraj,ad360-marketing@zohocorp.com,E-book or guide,Load balancing guide,This document lists the steps to be followed to configure load balancing for AD360.,,To be created,,,"load, lists, ad360, balancing, steps"
641,AD360,Gokulraj,ad360-marketing@zohocorp.com,E-book or guide,Reverse proxy guide,This documents lists the steps to be followed to configure AD360 as a reverse proxy guide.,,Up to date,Apr-2023,https://download.manageengine.com/active-directory-360/ad360-as-a-reverse-proxy-server-guide.pdf,"proxy, documents, lists, ad360, reverse"
642,AD360,Gokulraj,ad360-marketing@zohocorp.com,E-book or guide,Third-party applications list,This document lists the third-party applications that are used in the product.,,To be updated,Feb-2023,https://www.manageengine.com/active-directory-360/ad360-third-party-apps-list.html,"third, ad360, party, list, applications"
643,AD360,Gokulraj,ad360-marketing@zohocorp.com,E-book or guide,Quick start/Installation/Deployment guide,"Provides you the details of system requirements, product installation and start up.",,To be updated,Sep-2022,https://download.manageengine.com/active-directory-360/ad360-quick-start-guide.pdf,"quick, ad360, start, installation, deployment"
644,AD360,Gokulraj,ad360-marketing@zohocorp.com,E-book or guide,AD360 encryption standards,"This guide documents the cryptographic methods and primitives that are implemented in AD360, and how these methods are implemented",,Up to date,Nov-2021,https://workdrive.zoho.com/file/sm7gp250bd31713ba40ad9efaf4c7f38dccab,"implemented, ad360, encryption, methods, standards"
645,AD360,Gokulraj,ad360-marketing@zohocorp.com,E-book or guide,Guide to secure your AD360 installation,This document provides the steps needed to improve the security for your AD360 installation,,Up to date,Jun 2024,https://download.manageengine.com/active-directory-360/securing-manageengine-ad360-installation.pdf,"secure, ad360, provides, steps, installation"
646,AD360,Gokulraj,ad360-marketing@zohocorp.com,Comparison document,Comparison document template,This document provides a template to help compare key features of AD360 with competitors.,,Up to date,Feb-2024,https://writer.zoho.com/writer/open/cmvst6fcedbda69684665ba18bd435888a788,"help, comparison, template, ad360, provides"
647,AD360,Gokulraj,ad360-marketing@zohocorp.com,Comparison document,AD360 vs native tools,This document provides a side-by-side comparison of key features of AD360 and native tools,,Up to date,Apr-2024,https://workdrive.zoho.com/file/9tvz74179751df7d24c4d9b0ed5974ab481c1,"tools, side, ad360, provides, native"
648,AD360,Gokulraj,ad360-marketing@zohocorp.com,Comparison document,AD360 vs Quest One Identity,This document provides a side-by-side comparison of key features of AD360 and Quest.,,Up to date,Oct-2024,https://workdrive.zoho.com/file/ljyic822e275286a7407ba84ac5852e7df86a,"side, ad360, identity, quest, one"
649,AD360,Gokulraj,ad360-marketing@zohocorp.com,Comparison document,AD360 vs Okta,This document provides a side-by-side comparison of key features of AD360 and  Okta.,,Under update,Jan-2025,https://writer.zoho.com/writer/open/uymr72a1b440da0444d83b84462e950ccd96f,"comparison, side, ad360, provides, okta"
650,AD360,Gokulraj,ad360-marketing@zohocorp.com,Comparison document,AD360 vs Entra ID (P1 and P2),This document provides a side-by-side comparison of key features of AD360 and Entra ID.,,Up to date,Apr-2024,https://workdrive.zoho.com/file/9tvz75db640818b0f4c2d907c554dbd6a28e1,"comparison, entra, side, ad360, provides"
651,AD360,Gokulraj,ad360-marketing@zohocorp.com,Comparison document,AD360 vs Ping Identity (ForgeRock),This document provides a side-by-side comparison of key features of AD360 and Ping Identity.,,Under update,Apr-2024,https://workdrive.zoho.com/file/9tvz703e6ee3dd3fc4b9886a41d402daa9225,"ping, ad360, side, identity, forgerock"
652,AD360,Gokulraj,ad360-marketing@zohocorp.com,Comparison document,AD360 vs SailPoint,This document provides a side-by-side comparison of key features of AD360 and SailPoint.,,Up-to-date,Apr-2025,https://writer.zoho.com/writer/open/iiexxf2788efd409e42508512fc0800b01ecb?notification=4504799000127885603,"comparison, sailpoint, side, ad360, provides"
653,AD360,Gokulraj,ad360-marketing@zohocorp.com,Comparison document,AD360 vs Adaxes,This document provides a side-by-side comparison of key features of AD360 and Adaxes.,,Under update,Jan-2024,https://workdrive.zoho.com/file/9tvz7450d19149e6d414486d950a72e04fef5,"comparison, adaxes, side, ad360, provides"
654,AD360,Gokulraj,ad360-marketing@zohocorp.com,Comparison document,AD360 vs Oracle IAM,This document provides a side-by-side comparison of key features of AD360 and Oracle IAM,,Up-to-date,Apr-2025,https://writer.zoho.com/writer/open/0bbizfd51a8866b0b4e71b0ca0788f2de5e03,"oracle, iam, side, ad360, provides"
655,AD360,Gokulraj,ad360-marketing@zohocorp.com,Comparison document,AD360 vs CyberArk,This document provides a side-by-side comparison of key features of AD360 and CyberArk.,,Under update,Jan-2025,https://writer.zoho.com/writer/open/uymr70138a4b1280246888cb2c5b5c0bd5c94,"comparison, side, ad360, provides, cyberark"
656,AD360,Gokulraj,ad360-marketing@zohocorp.com,Comparison document,AD360 vs Google cloud identity,This document provides a side-by-side comparison of key features of AD360 and Google cloud identity.,,Up-to-date,Jan-2025,https://writer.zoho.com/writer/open/uymr7cd38010698084a45b41dabfe09813757,"side, cloud, ad360, identity, google"
657,AD360,Gokulraj,ad360-marketing@zohocorp.com,Case study,HEART Trust,AD360 helps HEART Trust increase productivity by automating routine Active Directory management tasks,,Up-to-date,Unavailable,https://download.manageengine.com/active-directory-360/case-study-ad360-helps-heart-trust-autmate-active-directory-tasks.pdf,"trust, increase, helps, heart, ad360"
658,AD360,Gokulraj,ad360-marketing@zohocorp.com,Case study,Interstates Control Systems,AD360 helps Interstates Control Systems manage its Active Directory.,,Up-to-date,Unavailable,https://download.manageengine.com/active-directory-360/case-study-ad360-helps-iowa-firm-manage-active-directory.pdf,"systems, helps, interstates, ad360, control"
659,AD360,Gokulraj,ad360-marketing@zohocorp.com,Case study,Cimarron,Cimarron improves help desk productivity and cuts expenses using AD360,,Up-to-date,Unavailable,https://download.manageengine.com/active-directory-360/case-study-ad360-cimarronic-steamlines-active-directory-user-provisioning-and-reduces-expenses.pdf,"improves, help, desk, cimarron, ad360"
660,AD360,Gokulraj,growth-marketing@zohocorp.com,Case study,[ISC] IDM use cases videos,[ISC] List of all IDM use case videos,Under update,Under update,07-Aug-2024,https://sheet.zoho.com/sheet/open/adef759f5c0e670864bd3885fdad82fd06c55?sheetid=13&range=A1:B1,"isc, idm, ad360, videos, use"
661,AD360,Gokulraj,growth-marketing@zohocorp.com,Case study,POOLCORP,Case study of POOLCORP,,Up-to-date,2024,https://www.manageengine.com/active-directory-360/manage-and-protect-identities/case-studies/poolcorp-case-study-admanager-plus-adaudit-plus.html,"poolcorp, ad360, case, study"
662,AD360,Gokulraj,growth-marketing@zohocorp.com,Case study,Jindal Films,Case study of Jindal Films,,Up-to-date,2023,https://www.manageengine.com/products/ad-manager/case-study/jindal-films-case-study-ad-manager-plus.html,"study, films, case, ad360, jindal"
663,AD360,Gokulraj,growth-marketing@zohocorp.com,Case study,Racing Victoria,Case study of Racing Victoria,,Up-to-date,2022,https://www.manageengine.com/products/ad-manager/case-study/case-study-racing-victoria-simplifies-active-directory-management-using-admanager-plus.html,"study, victoria, racing, case, ad360"
664,AD360,Gokulraj,growth-marketing@zohocorp.com,Case study,Wanstor,Case study of Wanstor,,Up-to-date,Pre-2022,https://www.manageengine.com/active-directory-360/manage-and-protect-identities/case-studies/wanstor-it-services-password-reset.html,"study, ad360, case, wanstor"
665,AD360,Gokulraj,growth-marketing@zohocorp.com,Case study,Sutton Group,Case study of Sutton Group,,Up-to-date,Pre-2022,https://www.manageengine.com/active-directory-360/manage-and-protect-identities/case-studies/user-experience.html,"study, sutton, case, group, ad360"
666,AD360,Gokulraj,growth-marketing@zohocorp.com,Case study,TriMark,Case study of TriMark,,Up-to-date,Pre-2022,https://www.manageengine.com/active-directory-360/manage-and-protect-identities/case-studies/tackle-password-problems-for-trimark.html,"study, ad360, case, trimark"
667,AD360,Gokulraj,growth-marketing@zohocorp.com,Case study,Southwest Human Development,Case study of Southwest Human Development,,Up-to-date,Pre-2022,https://www.manageengine.com/active-directory-360/manage-and-protect-identities/case-studies/southwest-human-development-effortlessly-provisions-office-365-user-accounts.html,"case, human, ad360, southwest, development"
668,AD360,Gokulraj,growth-marketing@zohocorp.com,Case study,"Community Bank, N.A.","Case study of Community Bank, N.A.",,Up-to-date,Pre-2022,https://www.manageengine.com/active-directory-360/manage-and-protect-identities/case-studies/self-service-password-reset-and-account-unlock-helps-community-bank.html,"study, bank, community, case, ad360"
669,AD360,Gokulraj,growth-marketing@zohocorp.com,Case study,Centre for Addiction and Mental Health (CAMH),Case study of Centre for Addiction and Mental Health (CAMH),,Up-to-date,Pre-2022,https://www.manageengine.com/active-directory-360/manage-and-protect-identities/case-studies/self-password-management-for-camh.html,"addiction, mental, ad360, health, centre"
670,AD360,Gokulraj,growth-marketing@zohocorp.com,Case study,The Principia,Case study of The Principia,,Up-to-date,Pre-2022,https://www.manageengine.com/active-directory-360/manage-and-protect-identities/case-studies/secure-self-service-password-management-for-the-principia.html,"study, ad360, case, principia"
671,AD360,Gokulraj,growth-marketing@zohocorp.com,Case study,Seattle Housing Authority,Case study of Seattle Housing Authority,,Up-to-date,Pre-2022,https://www.manageengine.com/active-directory-360/manage-and-protect-identities/case-studies/seattle-housing-authority-monitor-employees-logon.html,"seattle, authority, case, ad360, housing"
672,AD360,Gokulraj,growth-marketing@zohocorp.com,Case study,Sacramento Superior Court,Case study of Sacramento Superior Court,,Up-to-date,2024,https://www.manageengine.com/active-directory-360/manage-and-protect-identities/case-studies/sacramento-county-superior-court-cuts-IT-costs-with-AD360.html,"sacramento, case, superior, ad360, court"
673,AD360,Gokulraj,growth-marketing@zohocorp.com,Case study,American Customer Care,Case study of American Customer Care,,Up-to-date,Pre-2022,https://www.manageengine.com/active-directory-360/manage-and-protect-identities/case-studies/pci-compliance-for-american-customer-care.html,"care, case, ad360, customer, american"
674,AD360,Gokulraj,growth-marketing@zohocorp.com,Case study,City of Grand Rapids,Case study of City of Grand Rapids,,Up-to-date,Pre-2022,https://www.manageengine.com/active-directory-360/manage-and-protect-identities/case-studies/password-reset-self-update-for-grand-rapids.html,"grand, rapids, case, ad360, city"
675,AD360,Gokulraj,growth-marketing@zohocorp.com,Case study,CIMTAS Group,Case study of CIMTAS Group,,Up-to-date,Pre-2022,https://www.manageengine.com/active-directory-360/manage-and-protect-identities/case-studies/password-reset-self-update-for-cimtas-engineering.html,"study, case, group, ad360, cimtas"
676,AD360,Gokulraj,growth-marketing@zohocorp.com,Case study,WorkPlaceLive,Case study of WorkPlaceLive,,Up-to-date,Pre-2022,https://www.manageengine.com/active-directory-360/manage-and-protect-identities/case-studies/password-reset-for-workplacelive.html,"study, ad360, case, workplacelive"
677,AD360,Gokulraj,growth-marketing@zohocorp.com,Case study,NetsourceOne,Case study of NetsourceOne,,Up-to-date,Pre-2022,https://www.manageengine.com/active-directory-360/manage-and-protect-identities/case-studies/password-reset-account-unlock-for-netsource.html,"study, ad360, case, netsourceone"
678,AD360,Gokulraj,growth-marketing@zohocorp.com,Case study,Worldwide Flight Services,Case study of Worldwide Flight Services,,Up-to-date,Pre-2022,https://www.manageengine.com/active-directory-360/manage-and-protect-identities/case-studies/password-manager-for-jfk-internation-airport.html,"case, flight, ad360, worldwide, services"
679,AD360,Gokulraj,growth-marketing@zohocorp.com,Case study,MVV Environment Ltd,Case study of MVV Environment Ltd,,Up-to-date,2024,https://www.manageengine.com/active-directory-360/manage-and-protect-identities/case-studies/password-management-for-mvv-environment-ltd.html,"ltd, case, ad360, environment, mvv"
680,AD360,Gokulraj,growth-marketing@zohocorp.com,Case study,Kubota Materials Canada Corporation,Case study of Kubota Materials Canada Corporation,,Up-to-date,Pre-2022,https://www.manageengine.com/active-directory-360/manage-and-protect-identities/case-studies/password-management-feature-helps-kubota-materials-canada-corporation.html,"corporation, kubota, ad360, materials, canada"
681,AD360,Gokulraj,growth-marketing@zohocorp.com,Case study,Time4Learning,Case study of Time4Learning,,Up-to-date,Pre-2022,https://www.manageengine.com/active-directory-360/manage-and-protect-identities/case-studies/password-management-case-study-time4learning.html,"study, ad360, case, time4learning"
682,AD360,Gokulraj,growth-marketing@zohocorp.com,Case study,Swizznet,Case study of Swizznet,,Up-to-date,Pre-2022,https://www.manageengine.com/active-directory-360/manage-and-protect-identities/case-studies/password-management-case-study-swizznet.html,"swizznet, study, ad360, case"
683,AD360,Gokulraj,growth-marketing@zohocorp.com,Case study,Northern Land Council,Case study of Northern Land Council,,Up-to-date,Pre-2022,https://www.manageengine.com/active-directory-360/manage-and-protect-identities/case-studies/northern-land-council-clear-view-windows-server-network.html,"land, case, council, ad360, northern"
684,AD360,Gokulraj,growth-marketing@zohocorp.com,Case study,Khidmah,Case study of Khidmah,,Up-to-date,2023,https://www.manageengine.com/active-directory-360/manage-and-protect-identities/case-studies/khidmah-case-study-active-directory-360.html,"study, ad360, case, khidmah"
685,AD360,Gokulraj,growth-marketing@zohocorp.com,Case study,Kendal,Case study of Kendal,,Up-to-date,Pre-2022,https://www.manageengine.com/active-directory-360/manage-and-protect-identities/case-studies/kendal-pre-configured-hipaa-compliance-reports.html,"study, ad360, case, kendal"
686,AD360,Gokulraj,growth-marketing@zohocorp.com,Case study,Newyork Racing Association Inc (NYRA),Case study of Newyork Racing Association Inc (NYRA),,Up-to-date,2022,https://www.manageengine.com/active-directory-360/manage-and-protect-identities/case-studies/how-nyra-deliver-a-secure-remote-working-experience.html,"inc, racing, association, newyork, ad360"
687,AD360,Gokulraj,growth-marketing@zohocorp.com,Case study,East Coast Community Healthcare,Case study of East Coast Community Healthcare,,Up-to-date,Pre-2022,https://www.manageengine.com/active-directory-360/manage-and-protect-identities/case-studies/how-nhs-improved-cybersecurity-during-the-covid-19-pandemic.html,"community, east, healthcare, ad360, coast"
688,AD360,Gokulraj,growth-marketing@zohocorp.com,Case study,Hirsch Pipe and Supply,Case study of Hirsch Pipe and Supply,,Up-to-date,Pre-2022,https://www.manageengine.com/active-directory-360/manage-and-protect-identities/case-studies/hirsch-pipe-and-supply-resetting-passwords-account-unlock.html,"supply, case, ad360, pipe, hirsch"
689,AD360,Gokulraj,growth-marketing@zohocorp.com,Case study,Grand Prairie ISD,Case study of Grand Prairie ISD,,Up-to-date,Pre-2022,https://www.manageengine.com/active-directory-360/manage-and-protect-identities/case-studies/helpdesk-delegation-for-gpisd.html,"grand, prairie, case, ad360, isd"
690,AD360,Gokulraj,growth-marketing@zohocorp.com,Case study,Harvard Medical School,Case study of Harvard Medical School,,Up-to-date,Pre-2022,https://www.manageengine.com/active-directory-360/manage-and-protect-identities/case-studies/harvard-medical-monitor-ad-infrastructure.html,"school, case, medical, ad360, harvard"
691,AD360,Gokulraj,growth-marketing@zohocorp.com,Case study,Erste Bank A.D.,Case study of Erste Bank A.D.,,Up-to-date,Pre-2022,https://www.manageengine.com/active-directory-360/manage-and-protect-identities/case-studies/erste-bank-track-users-domain-administrators-activities.html,"study, bank, case, erste, ad360"
692,AD360,Gokulraj,growth-marketing@zohocorp.com,Case study,Libro Financial Group,Case study of Libro Financial Group,,Up-to-date,Pre-2022,https://www.manageengine.com/active-directory-360/manage-and-protect-identities/case-studies/enhanced-user-management-for-libro.html,"case, financial, group, ad360, libro"
693,AD360,Gokulraj,growth-marketing@zohocorp.com,Case study,InterGlobe Enterprises,Case study of InterGlobe Enterprises,,Up-to-date,Pre-2022,https://www.manageengine.com/active-directory-360/manage-and-protect-identities/case-studies/end-user-password-management-helps-interglobe-enterprises.html,"study, enterprises, case, interglobe, ad360"
694,AD360,Gokulraj,growth-marketing@zohocorp.com,Case study,Dept of Employment and Workforce,Case study of Dept of Employment and Workforce,,Up-to-date,Pre-2022,https://www.manageengine.com/active-directory-360/manage-and-protect-identities/case-studies/dept-of-employment-track-admin-windows-server-changes.html,"case, ad360, employment, dept, workforce"
695,AD360,Gokulraj,growth-marketing@zohocorp.com,Case study,Davidson County Community College,Case study of Davidson County Community College,,Up-to-date,Pre-2022,https://www.manageengine.com/active-directory-360/manage-and-protect-identities/case-studies/davidson-county-college-track-windows-network-changes.html,"college, community, county, davidson, ad360"
696,AD360,Gokulraj,growth-marketing@zohocorp.com,Case study,Colliers International,Case study of Colliers International,,Up-to-date,Pre-2022,https://www.manageengine.com/active-directory-360/manage-and-protect-identities/case-studies/colliers-international-monitors-employees-login-activities.html,"colliers, study, case, ad360, international"
697,AD360,Gokulraj,growth-marketing@zohocorp.com,Case study,Codeless Technology,Case study of Codeless Technology,,Up-to-date,Pre-2022,https://www.manageengine.com/active-directory-360/manage-and-protect-identities/case-studies/codeless-technology-case-study-adaudit-plus.html,"study, technology, codeless, case, ad360"
698,AD360,Gokulraj,growth-marketing@zohocorp.com,Case study,Acuative,Case study of Acuative,,Up-to-date,Pre-2022,https://www.manageengine.com/active-directory-360/manage-and-protect-identities/case-studies/casestudy-acuative-network-technology.html,"study, ad360, case, acuative"
699,AD360,Gokulraj,growth-marketing@zohocorp.com,Case study,Metropolitan Government of Nashville and Davidson County,Case study of Metropolitan Government of Nashville and Davidson County,,Up-to-date,Pre-2022,https://www.manageengine.com/active-directory-360/manage-and-protect-identities/case-studies/case-study-user-experience.html,"metropolitan, government, nashville, davidson, ad360"
700,AD360,Gokulraj,growth-marketing@zohocorp.com,Case study,California Transplant Donor Network,Case study of California Transplant Donor Network,,Up-to-date,Pre-2022,https://www.manageengine.com/active-directory-360/manage-and-protect-identities/case-studies/california-transplant-windows-ad-monitor-hipaa.html,"california, network, ad360, transplant, donor"
701,AD360,Gokulraj,growth-marketing@zohocorp.com,Case study,Bank of South Pacific,Case study of Bank of South Pacific,,Up-to-date,Pre-2022,https://www.manageengine.com/active-directory-360/manage-and-protect-identities/case-studies/bsp-windows-servers-netapp-filer-auditing.html,"south, bank, case, pacific, ad360"
702,AD360,Gokulraj,growth-marketing@zohocorp.com,Case study,Blessing Hospital,Case study of Blessing Hospital,,Up-to-date,Pre-2022,https://www.manageengine.com/active-directory-360/manage-and-protect-identities/case-studies/blessing-hospital-windows-ad-monitoring.html,"study, blessing, case, ad360, hospital"
703,AD360,Gokulraj,growth-marketing@zohocorp.com,Case study,Avara Foods,Case study of Avara Foods,,Up-to-date,2024,https://www.manageengine.com/active-directory-360/manage-and-protect-identities/case-studies/avara-foods-and-admanager-plus.html,"study, case, ad360, avara, foods"
704,AD360,Gokulraj,growth-marketing@zohocorp.com,Case study,Audatex,Case study of Audatex,,Up-to-date,Pre-2022,https://www.manageengine.com/active-directory-360/manage-and-protect-identities/case-studies/audatex.html,"audatex, ad360, case, study"
705,AD360,Gokulraj,growth-marketing@zohocorp.com,Case study,Riverside County,Case study of Riverside County,,Up-to-date,Pre-2022,https://www.manageengine.com/active-directory-360/manage-and-protect-identities/case-studies/ad-account-provisioning-and-reporting-made-easy-for-riverside-county.html,"study, riverside, county, case, ad360"
706,AD360,Gokulraj,growth-marketing@zohocorp.com,Case study,ADVETI,Case study of ADVETI,,Up-to-date,Pre-2022,https://www.manageengine.com/active-directory-360/manage-and-protect-identities/case-studies/active-directory-student-account-management-made-easy-for-adveti.html,"adveti, ad360, case, study"
707,AD360,Gokulraj,growth-marketing@zohocorp.com,Case study,Keolis,Case study of Keolis,,Up-to-date,Pre-2022,https://www.manageengine.com/active-directory-360/manage-and-protect-identities/case-studies/active-directory-reporting-made-easy-for-keolis.html,"keolis, ad360, case, study"
708,AD360,Gokulraj,growth-marketing@zohocorp.com,Case study,Downers Grove Park District,Case study of Downers Grove Park District,,Up-to-date,Pre-2022,https://www.manageengine.com/active-directory-360/manage-and-protect-identities/case-studies/account-unlock-case-study-by-downers-grove-park-district.html,"downers, grove, district, ad360, park"
709,Identity360,Jenny Suzanna,id360-marketing@zohocorp.com,Brochure or flyer,Brochure,"A PDF with 2-3 pages that gives an overview of the product, its features, and benefits, and basic pricing/licensing details.",,Up-to-date,Mar 2025,https://download.manageengine.com/identity-360/manageengine-identity360-brochure.pdf?utm_source=id360&utm_medium=webpage&utm_content=resources,"identity360, brochure, pages, pdf, id360"
710,Identity360,Jenny Suzanna,id360-marketing@zohocorp.com,Datasheet,Datasheet,"A PDF with 2-3 pages that gives an overview of the product, its features, and technical details such as supported browsers and apps.",,Up-to-date,Mar 2025,https://download.manageengine.com/identity-360/identity360-datasheet.pdf?utm_source=id360&utm_medium=webpage&utm_content=resources,"identity360, pages, datasheet, pdf, id360"
711,Identity360,Jenny Suzanna,id360-marketing@zohocorp.com,Presentation,Comprehensive slide deck,"PPT with 20-30 slides giving an overview of the product, its features, benefits, etc.",,Up-to-date,Mar 2025,"PDF : https://download.manageengine.com/identity-360/manageengine-identity360-slide-deck.pdf

 PPT : https://www.manageengine.com/identity-360/manageengine-identity360-slide-deck.pptx","identity360, comprehensive, slide, deck, id360"
712,Identity360,Jenny Suzanna,id360-marketing@zohocorp.com,Other,Battlecard,"A PDF that shows where the product stands in the current market and how to pitch the product to a lead.

Note: For internal and reseller consumption only.",,Up-to-date,Nov 2023,https://writer.zoho.com/writer/open/2mx4te5c8eb38d83846889f7d81ff6c72b5a0,"identity360, battlecard, shows, pdf, id360"
713,Identity360,Jenny Suzanna,id360-marketing@zohocorp.com,Solution brief,Use cases document,A PDF that lists the important use cases the product addresses.,,Up-to-date,Mar 2025,https://download.manageengine.com/identity-360/manageengine-identity360-use-cases-guide.pdf?utm_source=id360&utm_medium=webpage&utm_content=resources,"identity360, cases, pdf, use, id360"
714,Identity360,Jenny Suzanna,id360-marketing@zohocorp.com,Webpage,Product roadmap,"A webpage that shows the upcoming features, enhancements, and other updates planned.",,Up-to-date,Mar 2025,https://www.manageengine.com/identity-360/roadmap.html?utm_source=id360&utm_medium=webpage&utm_content=resources,"identity360, id360, roadmap, shows, webpage"
715,Identity360,Jenny Suzanna,id360-marketing@zohocorp.com,Other,ROI calculator,A webpage that shows the ROI of the product.,,Up-to-date,Mar 2024,https://writer.zoho.com/writer/open/dz9q046fc6ef016ab4d28b5afeaebc5fa17d4,"identity360, calculator, roi, webpage, id360"
716,Identity360,Jenny Suzanna,id360-marketing@zohocorp.com,Technical Document,ID360 - SSO configuration for Workplace,This document explains the steps to set up SSO to access Workplace by Facebook through Identity360.,,Up-to-date,Nov 2023,https://writer.zoho.com/writer/open/ltzseeb4ac5439ff640a7a3f5addcd53622b6,"identity360, workplace, sso, id360, configuration"
717,Identity360,Jenny Suzanna,id360-marketing@zohocorp.com,Technical Document,Admin guide,"This guide provides detailed information about all the features and settings available in the Identity360 admin portal, and shows how to configure them.",,Up-to-date,Mar 2025,https://www.manageengine.com/identity-management/help/admin-guide/,"identity360, admin, detailed, provides, id360"
718,Identity360,Jenny Suzanna,id360-marketing@zohocorp.com,Technical Document,User guide,This guide explains the features and settings available in the Identity360 user portal.,,Up-to-date,Mar 2025,https://www.manageengine.com/identity-management/help/user-guide/,"explains, identity360, user, settings, id360"
719,Identity360,Jenny Suzanna,id360-marketing@zohocorp.com,Technical Document,Architecture guide,This guide tells about the different components and the underlying infrastructure that supports Identity360's workforce IAM platform.,,Up-to-date,Feb 2025,https://download.manageengine.com/identity-360/identity360-solution-architecture.pdf,"identity360, different, architecture, tells, id360"
720,Identity360,Jenny Suzanna,id360-marketing@zohocorp.com,Technical Document,Scope of Work - Implementation,This document details the activities that will be a part of Identity360 implementation.,,Under update,Jul 2024,https://writer.zoho.com/writer/open/l8rczbfd3b0e672ca46d791cba06d54a9cfa1,"identity360, scope, work, implementation, id360"
721,Identity360,Jenny Suzanna,id360-marketing@zohocorp.com,Technical Document,Proof of concept,"It details how Identity360 helps IT admins tackle all their IAM challenges, helping save time and simplify identity management.",,Up-to-date,Mar 2025,https://writer.zoho.com/writer/open/5drhz7ae67280062a4830811e2bca57c53bde,"identity360, proof, concept, details, id360"
722,Identity360,Jenny Suzanna,id360-marketing@zohocorp.com,Technical Document,SAML authentication in Identity360,This document explains the concept of SAML authentication and how it is utilized in Identity360.,,Up-to-date,Aug 2024,https://writer.zoho.com/writer/open/to072be304404cd6a4e0ebc62ea8e2bed1d06,"explains, identity360, saml, authentication, id360"
723,Identity360,Jenny Suzanna,id360-marketing@zohocorp.com,Technical Document,RFP template,Common RFP template that outlines the various capabilities provided by ManageEngine Identity360  that vendors can evaluate.,,Under update,May 2024,https://writer.zoho.com/writer/open/5e3je5e3f86ec82a443c5a3c2912ddc2bea17,"common, identity360, template, rfp, id360"
724,Identity360,Jenny Suzanna,id360-marketing@zohocorp.com,Comparison document,Identity360 vs ADMP,Comparison document detailing feature differences between ID360 vs ADMP,,Up-to-date,Nov 2023,https://writer.zoho.com/writer/open/jkhi29ee126fd27c2492c80c1fe0c66e41e96,"identity360, detailing, comparison, admp, id360"
725,Identity360,Jenny Suzanna,id360-marketing@zohocorp.com,Comparison document,Identity360 vs AD360,Comparison document detailing feature differences between ID360 vs AD360,,Up-to-date,Nov 2023,https://writer.zoho.com/writer/open/jkhi235c51c4d6fcb4609be8c42ce51d90acc,"identity360, detailing, comparison, ad360, id360"
726,Identity360,Jenny Suzanna,id360-marketing@zohocorp.com,Comparison document,Identity360 vs Entra ID - SSO functionality,Comparison document detailing feature differences between ID360 vs Azure AD for SSO functionality,,Up-to-date,Feb 2024,https://writer.zoho.com/writer/open/jkhi264fc9f9fcc494a0dbfad0f2d2a35a692,"identity360, functionality, entra, sso, id360"
727,Identity360,Jenny Suzanna,id360-marketing@zohocorp.com,Comparison document,Comparison document template,Common comparison document template detailing feature differences between ID360 vs any competitor,,Under update,May 2024,https://writer.zoho.com/writer/open/dz9q0e6cb803ae098496bbc3ca24e61e2d4cd,"common, identity360, comparison, template, id360"
728,Identity360,Jenny Suzanna,id360-marketing@zohocorp.com,Comparison document,Identity360 vs AD360 (Version 2),Comparison document detailing feature differences between ID360 vs AD360,,Up-to-date,Jul 2024,https://writer.zoho.com/writer/open/ptsya5218e89f3dd14d5cbfe429356143384f,"identity360, comparison, version, ad360, id360"
729,Identity360,Jenny Suzanna,id360-marketing@zohocorp.com,Comparison document,Identity360 vs Omnissa Workspace ONE Access,Comparison document detailing feature differences between ID360 vs Omnissa Wokspace ONE Access,,Up-to-date,Jul 2024,https://writer.zoho.com/writer/open/29ha134c678337f9a48c880b475eabf2b9f03,"identity360, access, omnissa, id360, one"
730,Identity360,Jenny Suzanna,id360-marketing@zohocorp.com,Comparison document,Identity360 vs SailPoint,Comparison document detailing feature differences between ID360 vs SailPoint,,Up-to-date,Oct 2024,https://writer.zoho.com/writer/open/9480u9ed60e8c566e4742b560f81b5a37bad2,"identity360, detailing, comparison, sailpoint, id360"
731,Identity360,Jenny Suzanna,id360-marketing@zohocorp.com,Comparison document,Identity360 vs Quest,Comparison document detailing feature differences between ID360 vs Quest,,Up-to-date,Oct 2024,https://writer.zoho.com/writer/open/tvbr5bee2c45f0d384556a25ac97e3cc51251,"identity360, detailing, comparison, quest, id360"
732,Identity360,Jenny Suzanna,id360-marketing@zohocorp.com,Comparison document,Identity360 vs ADSSP (table version),Comparison document detailing feature differences between ID360 vs ADSSP,,Up-to-date,Nov 2024,https://writer.zoho.com/writer/open/ujq1117ff774f7ffa49cdad3681683684c7ec,"identity360, version, adssp, table, id360"
733,Identity360,Jenny Suzanna,id360-marketing@zohocorp.com,Comparison document,Identity360 vs ADSSP (Version 2),Comparison document detailing feature differences between ID360 vs ADSSP,,Up-to-date,Nov 2024,https://writer.zoho.com/writer/open/57px06ee5a3e964074ddabaef9730a58ce99d,"identity360, comparison, version, adssp, id360"
734,Identity360,Jenny Suzanna,id360-marketing@zohocorp.com,Comparison document,Identity360 vs Okta,Comparison document detailing feature differences between ID360 vs Okta,,Up-to-date,Nov 2024,https://writer.zoho.com/writer/open/kaxct8f864d8d350e43d5951e55c948cd778c,"identity360, detailing, comparison, okta, id360"
735,Identity360,Jenny Suzanna,id360-marketing@zohocorp.com,Comparison document,Identity360 vs JumpCloud,Comparison document detailing feature differences between ID360 vs JumpCloud,,Up-to-date,Dec 2024,https://writer.zoho.com/writer/open/stv2j51643399372d4ccfb5d1c6247c50d350,"identity360, jumpcloud, detailing, comparison, id360"
736,Identity360,Jenny Suzanna,id360-marketing@zohocorp.com,Comparison document,Identity360 vs NetIQ Access Manager,Comparison document detailing feature differences between ID360 vs NetIQ Access Manager,,Up-to-date,Dec 2024,https://writer.zoho.com/writer/open/i80gm992dbca4ae0345ad9d7a7ccfd3aaeb96,"identity360, access, comparison, netiq, id360"
737,Identity360,Jenny Suzanna,id360-marketing@zohocorp.com,Comparison document,Identity360 vs Zoho Directory,Comparison document detailing feature differences between ID360 vs Zoho Directory,,Up-to-date,Mar 2025,https://writer.zoho.com/writer/open/tecm19ac8c3a8c82242528210bd29cfd62aa4,"identity360, directory, comparison, zoho, id360"
738,Identity360,Jenny Suzanna,id360-marketing@zohocorp.com,Comparison document,Identity360 vs ADMP,Comparison document detailing feature differences between ID360 vs ADMP,,Up-to-date,Nov 2023,https://writer.zoho.com/writer/open/jkhi29ee126fd27c2492c80c1fe0c66e41e96,"identity360, detailing, comparison, admp, id360"
739,Identity360,Jenny Suzanna,id360-marketing@zohocorp.com,Comparison document,Identity360 vs AD360,Comparison document detailing feature differences between ID360 vs AD360,,Up-to-date,Nov 2023,https://writer.zoho.com/writer/open/jkhi235c51c4d6fcb4609be8c42ce51d90acc,"identity360, detailing, comparison, ad360, id360"
740,Identity360,Jenny Suzanna,id360-marketing@zohocorp.com,Comparison document,Identity360 vs Entra ID - SSO functionality,Comparison document detailing feature differences between ID360 vs Azure AD for SSO functionality,,Up-to-date,Feb 2024,https://writer.zoho.com/writer/open/jkhi264fc9f9fcc494a0dbfad0f2d2a35a692,"identity360, functionality, entra, sso, id360"
741,Identity360,Jenny Suzanna,id360-marketing@zohocorp.com,Comparison document,Comparison document template,Common comparison document template detailing feature differences between ID360 vs any competitor,,Under update,May 2024,https://writer.zoho.com/writer/open/dz9q0e6cb803ae098496bbc3ca24e61e2d4cd,"common, identity360, comparison, template, id360"
742,Identity360,Jenny Suzanna,id360-marketing@zohocorp.com,Comparison document,Identity360 vs AD360 (Version 2),Comparison document detailing feature differences between ID360 vs AD360,,Up-to-date,Jul 2024,https://writer.zoho.com/writer/open/ptsya5218e89f3dd14d5cbfe429356143384f,"identity360, comparison, version, ad360, id360"
743,Identity360,Jenny Suzanna,id360-marketing@zohocorp.com,Comparison document,Identity360 vs Omnissa Workspace ONE Access,Comparison document detailing feature differences between ID360 vs Omnissa Wokspace ONE Access,,Up-to-date,Jul 2024,https://writer.zoho.com/writer/open/29ha134c678337f9a48c880b475eabf2b9f03,"identity360, access, omnissa, id360, one"
744,Identity360,Jenny Suzanna,id360-marketing@zohocorp.com,Comparison document,Identity360 vs SailPoint,Comparison document detailing feature differences between ID360 vs SailPoint,,Up-to-date,Oct 2024,https://writer.zoho.com/writer/open/9480u9ed60e8c566e4742b560f81b5a37bad2,"identity360, detailing, comparison, sailpoint, id360"
745,Identity360,Jenny Suzanna,id360-marketing@zohocorp.com,Comparison document,Identity360 vs Quest,Comparison document detailing feature differences between ID360 vs Quest,,Up-to-date,Oct 2024,https://writer.zoho.com/writer/open/tvbr5bee2c45f0d384556a25ac97e3cc51251,"identity360, detailing, comparison, quest, id360"
746,Identity360,Jenny Suzanna,id360-marketing@zohocorp.com,Comparison document,Identity360 vs ADSSP (table version),Comparison document detailing feature differences between ID360 vs ADSSP,,Up-to-date,Nov 2024,https://writer.zoho.com/writer/open/ujq1117ff774f7ffa49cdad3681683684c7ec,"identity360, version, adssp, table, id360"
747,Identity360,Jenny Suzanna,id360-marketing@zohocorp.com,Comparison document,Identity360 vs ADSSP (Version 2),Comparison document detailing feature differences between ID360 vs ADSSP,,Up-to-date,Nov 2024,https://writer.zoho.com/writer/open/57px06ee5a3e964074ddabaef9730a58ce99d,"identity360, comparison, version, adssp, id360"
748,Identity360,Jenny Suzanna,id360-marketing@zohocorp.com,Comparison document,Identity360 vs Okta,Comparison document detailing feature differences between ID360 vs Okta,,Up-to-date,Nov 2024,https://writer.zoho.com/writer/open/kaxct8f864d8d350e43d5951e55c948cd778c,"identity360, detailing, comparison, okta, id360"
749,Identity360,Jenny Suzanna,id360-marketing@zohocorp.com,Comparison document,Identity360 vs JumpCloud,Comparison document detailing feature differences between ID360 vs JumpCloud,,Up-to-date,Dec 2024,https://writer.zoho.com/writer/open/stv2j51643399372d4ccfb5d1c6247c50d350,"identity360, jumpcloud, detailing, comparison, id360"
750,Identity360,Jenny Suzanna,id360-marketing@zohocorp.com,Comparison document,Identity360 vs NetIQ Access Manager,Comparison document detailing feature differences between ID360 vs NetIQ Access Manager,,Up-to-date,Dec 2024,https://writer.zoho.com/writer/open/i80gm992dbca4ae0345ad9d7a7ccfd3aaeb96,"identity360, access, comparison, netiq, id360"
751,Identity360,Jenny Suzanna,id360-marketing@zohocorp.com,Comparison document,Identity360 vs Zoho Directory,Comparison document detailing feature differences between ID360 vs Zoho Directory,,Up-to-date,Mar 2025,https://writer.zoho.com/writer/open/tecm19ac8c3a8c82242528210bd29cfd62aa4,"identity360, directory, comparison, zoho, id360"
752,Log360,Subha,itsecurity-mktg@zohocorp.com,Datasheet,SMART THRESHOLD in Log360,A datasheet on the features of Log360,,Up-to-date,,https://download.manageengine.com/log-management/data-sheets/smart-threshold.pdf,"threshold, smart, datasheet, log360"
753,Log360,Subha,itsecurity-mktg@zohocorp.com,Datasheet,Dark web monitoring in Log360,A datasheet on the features of Log360,,Up-to-date,,https://download.manageengine.com/log-management/dark-web-monitoring-datasheet.pdf,"monitoring, datasheet, web, dark, log360"
754,Log360,Subha,itsecurity-mktg@zohocorp.com,Datasheet,Log360's integration with Endpoint Central,A datasheet on the features of Log360,,Up-to-date,,https://download.manageengine.com/log-management/log360-integration-with-endpoint-central-datasheet.pdf,"endpoint, datasheet, central, integration, log360"
755,Log360,Subha,itsecurity-mktg@zohocorp.com,Datasheet,Incident detection and investigation in Log360,A datasheet on the features of Log360,,Up-to-date,,https://download.manageengine.com/log-management/data-sheets/incident-detection-and-investigation-log360.pdf,"incident, datasheet, detection, investigation, log360"
756,Log360,Subha,itsecurity-mktg@zohocorp.com,Datasheet,Incident management in Log360,A datasheet on the features of Log360,,Up-to-date,,https://download.manageengine.com/log-management/data-sheets/incident-management-log360.pdf,"management, datasheet, log360, incident"
757,Log360,Subha,itsecurity-mktg@zohocorp.com,Solution brief,SIEM Evaluator's Guide,A guide on how to evaluate a SIEM,,Up-to-date,,https://download.manageengine.com/log-management/siem-evaluator-guide.pdf,"siem, evaluate, log360, evaluator"
758,Log360,Subha,itsecurity-mktg@zohocorp.com,Solution brief,Safeguard your devices against ransomware with Log360,"A solution brief on how to safeguard your devices against
ransomware",,Up-to-date,,https://download.manageengine.com/log-management/ransomware-solution-log360.pdf,"safeguard, ransomware, solution, log360, devices"
759,Log360,Subha,itsecurity-mktg@zohocorp.com,Solution brief,How IT security solutions can help meet the GDPR's Requirements with Ease,A solution book for IT security admins on how IT security solutions can help meet the GDPR's Requirements,,Up-to-date,,https://download.manageengine.com/log-management/gdpr/manageengine-gdpr-solution-book.pdf,"help, solutions, meet, log360, security"
760,Log360,Subha,itsecurity-mktg@zohocorp.com,Solution brief,"Meet GDPR requirements with Log360, a comprehensive SIEM solution","A solution brief on how to meet GDPR requirements
with Log360",,Up-to-date,,https://download.manageengine.com/log-management/meet-gdpr-requirements-with-log360.pdf,"meet, gdpr, requirements, solution, log360"
761,Log360,Subha,itsecurity-mktg@zohocorp.com,Solution brief,Guide on POPIA,An IT Admin's Guide to POPIA,,Up-to-date,,https://download.manageengine.com/log-management/popi-compliance-software.pdf,"popia, admin, log360"
762,Log360,Subha,itsecurity-mktg@zohocorp.com,Solution brief,How Log360 helps Australian organisations with the Notifiable Data Breaches scheme,A solution brief on how Log360 helps Australian organisations with the Notifiable Data Breaches scheme,,Up-to-date,,https://download.manageengine.com/log-management/ndb-scheme-log360.pdf,"helps, australian, notifiable, organisations, log360"
763,Log360,Subha,itsecurity-mktg@zohocorp.com,Solution brief,Healthcare - Protect Patient Privacy using Log360,A solution brief on how to Protect Patient Privacy using Log360,,Up-to-date,,https://download.manageengine.com/log-management/industry-solution-brief/healthcare-services.pdf?source=resources-page,"using, patient, protect, privacy, log360"
764,Log360,Subha,itsecurity-mktg@zohocorp.com,Solution brief,PCI DSS 4.0 COMPLIANCE,A solution brief on the PCI DSS v4.0 controls,,Up-to-date,,https://www.manageengine.com/log-management/pci-dss-siem-guide.html?source=resources-page,"dss, compliance, pci, solution, log360"
765,Log360,Subha,itsecurity-mktg@zohocorp.com,Solution brief,Educational Services | ManageEngine Log360,A solution brief on how to leverage Log360 to secure educational service,,Up-to-date,,https://download.manageengine.com/log-management/industry-solution-brief/educational-services.pdf?source=resources-page,"manageengine, educational, solution, log360, services"
766,Log360,Subha,itsecurity-mktg@zohocorp.com,Solution brief,Financial Services | ManageEngine Log360,A solution brief on how to leverage Log360 to secure financial service,,Up-to-date,,https://download.manageengine.com/log-management/industry-solution-brief/financial-services.pdf?source=resources-page,"manageengine, financial, solution, log360, services"
767,Log360,Subha,itsecurity-mktg@zohocorp.com,Solution brief,Monitoring privileged user activity using Log360,A solution. brief on monitoring privileged user activity using Log360,,Up-to-date,,https://download.manageengine.com/log-management/use-cases/monitor-privileged-user-activity-log360.pdf?source=resources-page,"monitoring, user, activity, privileged, log360"
768,Log360,Subha,itsecurity-mktg@zohocorp.com,Solution brief,Using Log360 to detect malicious traffic inflow,A  use case doc on detecting malicious traffic using Log360,,Up-to-date,,https://download.manageengine.com/log-management/use-cases/detect-malicious-traffic-inflow-log360.pdf?source=resources-page,"traffic, detect, using, malicious, log360"
769,Log360,Subha,itsecurity-mktg@zohocorp.com,Infographic,world-back-up-day-infographic.pdf,Infographic for the world back up day,,Up-to-date,,https://download.manageengine.com/log-management/world-back-up-day-infographic.pdf,"infographic, day, log360, back, world"
770,Log360,Subha,itsecurity-mktg@zohocorp.com,Infographic,10 cybersecurity tips to maintain peace at work,An infographic on 10 cybersecurity tips to maintain peace at work,,Up-to-date,,https://download.manageengine.com/log-management/siem/international-day-of-peace-cyber-security-tips.pdf,"tips, cybersecurity, maintain, peace, log360"
771,Log360,Subha,itsecurity-mktg@zohocorp.com,Infographic,7 reasons why log360 is your best friend in the cyber realm,An infographic on 7 reasons why log360 is your best friend in the cyber realm,,Up-to-date,,https://download.manageengine.com/log-management/log360-friendship-day-2022.pdf,"friend, best, reasons, cyber, log360"
772,Log360,Subha,itsecurity-mktg@zohocorp.com,Infographic,Insider threat: The enemy is under your roof,An infographic on Insider threat: The enemy is under your roof,,Up-to-date,,https://download.manageengine.com/log-management/data-security-insider-threat-indicators-best-practices-prevention.pdf,"enemy, roof, insider, log360, threat"
773,Log360,Subha,itsecurity-mktg@zohocorp.com,Infographic,U8 Cyberhygine tips,An infographic on cyberhygine tips,,Up-to-date,,https://download.manageengine.com/log-management/siem/cyber-hygiene-tips.pdf,"cyberhygine, infographic, tips, log360"
774,Log360,Subha,itsecurity-mktg@zohocorp.com,Infographic,How not to fall prey to password,An inforgraphic on how not to fall prey to password,,Up-to-date,,https://download.manageengine.com/log-management/password-attacks-prevention.pdf,"prey, log360, fall, inforgraphic, password"
775,Log360,Subha,itsecurity-mktg@zohocorp.com,Infographic,3 key updates in PCI DSS 4.0,An inforgraphic on 3 key updates in PCI DSS 4.0,,Up-to-date,,https://download.manageengine.com/log-management/3-key-updates-in-pcidss.pdf,"updates, dss, key, pci, log360"
776,Log360,Subha,itsecurity-mktg@zohocorp.com,Infographic,14-powerful-measures-fortifying-your-active-directory.pdf,An inforgraphic on 14-powerful-measures-fortifying-your-active-directory.pdf,,Up-to-date,,https://download.manageengine.com/log-management/14-powerful-measures-fortifying-your-active-directory.pdf,"powerful, active, fortifying, measures, log360"
777,Log360,Subha,itsecurity-mktg@zohocorp.com,Other,Log forensics Best practices guide,Best practices guide on log forensics,,Up-to-date,,https://download.manageengine.com/log-management/log-forensics-best-practices-guide.pdf,"practices, log, best, log360, forensics"
778,Log360,Subha,itsecurity-mktg@zohocorp.com,E-book or guide,A Best Practice Guide to Mitigating Ransomware in Your Enterprise,"A best practice guide on how to mitigate ransomware in
your enterprise",,Up-to-date,,https://download.manageengine.com/log-management/ransomware-solution-eventlog.pdf,"best, enterprise, ransomware, practice, log360"
779,Log360,Subha,itsecurity-mktg@zohocorp.com,E-book or guide,Guide to secure your Log360 installation,A guide on how to secure your Log360 installation,,Up-to-date,,https://download.manageengine.com/log-management/secure-install-log360.pdf,"secure, installation, log360"
780,Log360,Subha,itsecurity-mktg@zohocorp.com,E-book or guide,A guide to configure agents for log collection in Log360,"A best practiced guide to configure
agents for log collection in Log360",,Up-to-date,,https://download.manageengine.com/log-management/log360-agent-installation-guide.pdf,"configure, agents, collection, log360, log"
781,Log360,Subha,itsecurity-mktg@zohocorp.com,E-book or guide,ManageEngine Log360 Admin Guide,Log360's admin guide,,Up-to-date,,https://download.manageengine.com/log-management/admin-guide.pdf,"admin, manageengine, log360"
782,Log360,Subha,itsecurity-mktg@zohocorp.com,E-book or guide,Steps to apply SSL certificate and enable HTTPS,A guide on the steps to apply SSL certificate and enable HTTPS,,Up-to-date,,https://download.manageengine.com/log-management/steps-to-apply-ssl-certificate-and-enable-https.pdf,"ssl, certificate, apply, steps, log360"
783,Log360,Subha,itsecurity-mktg@zohocorp.com,E-book or guide,Configuring ports,A guide on configuring ports in Log360,,Up-to-date,,https://download.manageengine.com/log-management/manageengine-log360-configuring-ports.pdf,"ports, configuring, log360"
784,Log360,Subha,itsecurity-mktg@zohocorp.com,E-book or guide,USING MITRE ATT&CK® to understand the techniques behind 2023's biggest breaches,An ebook on using MITRE ATT&CK® to understand the techniques behind 2023's biggest breaches,,Up-to-date,,https://www.manageengine.com/log-management/ebooks/mitre-attack-for-data-breaches.html?source=Log360-resources,"mitre, using, understand, att, log360"
785,Log360,Subha,itsecurity-mktg@zohocorp.com,E-book or guide,How to improve risk scoring and threat detection with UEBA,An ebook on how to improve risk scoring and threat detection with UEBA,,Up-to-date,,https://www.manageengine.com/log-management/ebooks/how-anomaly-detection-improves-risk-scoring-threat-detection.html?utm_source=log_resources,"improve, scoring, risk, log360, threat"
786,Log360,Subha,itsecurity-mktg@zohocorp.com,E-book or guide,The dark side of AI: The ultimate guide to combat its imminent threats,An ebook on the dark side of AI,,Up-to-date,,https://www.manageengine.com/log-management/dark-side-of-ai-in-cybersecurity.html?utm_source=resources_page,"ultimate, combat, dark, side, log360"
787,Log360,Subha,itsecurity-mktg@zohocorp.com,E-book or guide,How to detect and respond to cryptojacking attacks,An ebook on how to detect and respond to cryptojacking attacks,,Up-to-date,,https://www.manageengine.com/log-management/ebooks/how-to-detect-and-respond-to-cryptojacking-attacks.html?utm_source=resources_page,"cryptojacking, detect, respond, attacks, log360"
788,Log360,Subha,itsecurity-mktg@zohocorp.com,E-book or guide,ESSENTIAL EIGHT EXPLAINED,An ebook on the essential eight compliance,,Up-to-date,,https://www.manageengine.com/log-management/cyber-security/essential-eight-explained.html?source=resources-page,"explained, eight, ebook, essential, log360"
789,Log360,Subha,itsecurity-mktg@zohocorp.com,E-book or guide,GDPR-Handbook,An ebook on the GDPR compliance,,Up-to-date,,https://download.manageengine.com/products/eventlog/gdpr-compliance-handbook.pdf,"compliance, handbook, gdpr, ebook, log360"
790,Log360,Subha,itsecurity-mktg@zohocorp.com,E-book or guide,10 crucial audit reports for IT security,An ebook on the 10 crucial audit reports for IT security,,Up-to-date,,https://www.manageengine.com/log-management/crucial-audit-reports-security.html?source=resources-page,"reports, log360, crucial, audit, security"
791,Log360,Subha,itsecurity-mktg@zohocorp.com,E-book or guide,Network-device-auditing-handbook,An ebook on network device auditing,,Up-to-date,,https://www.manageengine.com/log-management/network-device-auditing-handbook.html?source=resources-page,"auditing, handbook, network, log360, device"
792,Log360,Subha,itsecurity-mktg@zohocorp.com,E-book or guide,The IT security admin's guide to LGPD compliance,An ebook on the IT security admin's guide to LGPD compliance,,Up-to-date,,https://www.manageengine.com/log-management/lgpd-compliance-guide.html?source=resources-page,"compliance, admin, lgpd, log360, security"
793,Log360,Subha,itsecurity-mktg@zohocorp.com,E-book or guide,Top five CRITICAL ALERTS you need for IT security.,An ebook on the top five CRITICAL ALERTS you need for IT security.,,Up-to-date,,https://www.manageengine.com/log-management/critical-alerts-for-it-security.html?source=resources-page,"critical, five, alerts, top, log360"
794,Log360,Subha,itsecurity-mktg@zohocorp.com,Whitepaper,The role of IT in achieving SOX compliance,A whitepaper on the role of IT in achieving SOX compliance,,Up-to-date,,https://download.manageengine.com/log-management/siem-sox-compliance.pdf,"compliance, role, sox, achieving, log360"
795,Log360,Subha,itsecurity-mktg@zohocorp.com,Whitepaper,ISO 27001 - Alert profile recommendations for Log360,A whitepaper on the ISO 27001 compliance,,Up-to-date,,https://download.manageengine.com/log-management/iso-27001-alert-profile-recommendations-for-manageengine-log360.pdf,"profile, iso, alert, 27001, log360"
796,Log360,Subha,itsecurity-mktg@zohocorp.com,Whitepaper,Precision in action: Leveraging smart thresholds for accurate detection,"A whitepaper on the ISO 27001 compliance leveraging smart thresholds for
accurate detection",,Up-to-date,,https://www.manageengine.com/log-management/smart-threshold-in-siem.html?utm_source=log_resources,"leveraging, accurate, thresholds, smart, log360"
797,Log360,Subha,itsecurity-mktg@zohocorp.com,Whitepaper,How to calculate the COST SAVINGS from your SIEM implementation,A whitepaper on how to calculate the COST SAVINGS from your SIEM implementation,,Up-to-date,,https://www.manageengine.com/log-management/ebooks/how-to-calculate-costsavings-for-siem-implementation.html?utm_source=log_resources,"calculate, savings, cost, siem, log360"
798,Log360,Subha,itsecurity-mktg@zohocorp.com,Whitepaper,How to streamline user identity mapping for better anomaly detection,A whitepaper on how to streamline user identity mapping for better anomaly detection,,Up-to-date,,https://www.manageengine.com/log-management/white-papers/uim-ueba.html?utm_source=log_resources,"user, mapping, identity, streamline, log360"
799,Log360,Subha,itsecurity-mktg@zohocorp.com,Whitepaper,Threat intelligence and the SIEM advantage,A whitepaper on how to streamline user identity mapping for better anomaly detection,,Up-to-date,,https://download.manageengine.com/log-management/threat-intelligence-solution-with-siem.pdf?source=log360-wp,"intelligence, siem, advantage, log360, threat"
800,Log360,Subha,itsecurity-mktg@zohocorp.com,Whitepaper,Using Indicators to deal with Security Attacks,A use case document on Log360's features,,Up-to-date,,https://download.manageengine.com/log-management/dealing-with-indicators-whitepaper.pdf,"indicators, deal, using, log360, security"
801,Log360,Subha,itsecurity-mktg@zohocorp.com,Technical Document,Using Log360 to detect intrusions,A use case document on Log360's features,,Up-to-date,,https://download.manageengine.com/log-management/use-cases/intrusion-detection-log360.pdf,"detect, intrusions, using, use, log360"
802,Log360,Subha,itsecurity-mktg@zohocorp.com,Technical Document,Detecting anomalous user behavior using risk assessment,A use case document on Log360's features,,Up-to-date,,https://download.manageengine.com/log-management/use-cases/anomaly-detection-log360.pdf,"user, detecting, behavior, anomalous, log360"
803,Log360,Subha,itsecurity-mktg@zohocorp.com,Technical Document,Identifying and protecting patient health information with Log360,A use case document on Log360's features,,Up-to-date,,https://download.manageengine.com/log-management/use-cases/identify-and-protect-patient-health-information-log360.pdf,"patient, identifying, health, protecting, log360"
804,Log360,Subha,itsecurity-mktg@zohocorp.com,Technical Document,Using Log360 to discover sensitive data in the network,A use case document on Log360's features,,Up-to-date,,https://download.manageengine.com/log-management/use-cases/discover-sensitive-data-in-the-network-log360.pdf,"data, discover, using, sensitive, log360"
805,Log360,Subha,itsecurity-mktg@zohocorp.com,Technical Document,Auditing change control with Log360,A use case document on Log360's features,,Up-to-date,,https://download.manageengine.com/log-management/use-cases/auditing-change-control-log360.pdf,"auditing, control, use, change, log360"
806,Log360,Subha,itsecurity-mktg@zohocorp.com,Technical Document,Using Log360 to detect malware,A use case document on Log360's features,,Up-to-date,,https://download.manageengine.com/log-management/use-cases/detect-malware-log360.pdf,"detect, using, malware, use, log360"
807,Log360,Subha,itsecurity-mktg@zohocorp.com,Technical Document,Using Log360 to spot privilege escalations,A use case document on Log360's features,,Up-to-date,,https://download.manageengine.com/log-management/use-cases/spot-privilege-escalations-log360.pdf,"using, escalations, privilege, spot, log360"
808,Log360,Subha,itsecurity-mktg@zohocorp.com,Technical Document,Using Log360 to detect changes to sensitive data stored in databases,A use case document on Log360's features,,Up-to-date,,https://download.manageengine.com/log-management/use-cases/detect-changes-sensitive-data-stored-in-databases-log360.pdf,"changes, detect, using, sensitive, log360"
809,Log360,Subha,itsecurity-mktg@zohocorp.com,Technical Document,Securing resources and data on the cloud,A use case document on Log360's features,,Up-to-date,,https://download.manageengine.com/log-management/use-cases/securing-resources-and-data-on-the-cloud-log360.pdf,"data, securing, cloud, resources, log360"
810,Log360,Subha,itsecurity-mktg@zohocorp.com,Technical Document,Fraud detection and prevention,A use case document on Log360's features,,Up-to-date,,https://download.manageengine.com/log-management/use-cases/fraud-detection-and-prevention-log360.pdf,"prevention, detection, fraud, use, log360"
811,Log360,Subha,itsecurity-mktg@zohocorp.com,Technical Document,Using Log360 to monitor integrity of files and folders,A use case document on Log360's features,,Up-to-date,,https://download.manageengine.com/log-management/use-cases/monitor-integrity-of-files-and-folders-log360.pdf,"using, files, integrity, monitor, log360"
812,Log360,Subha,itsecurity-mktg@zohocorp.com,Technical Document,Identifying a patient-zero machine using Log360,A use case document on Log360's features,,Up-to-date,,https://download.manageengine.com/log-management/use-cases/identifying-patient-zero-machine-log360.pdf,"patient, identifying, zero, machine, log360"
813,Log360,Subha,itsecurity-mktg@zohocorp.com,Technical Document,Discovering and securing credit card information using Log360,A use case document on Log360's features,,Up-to-date,,https://download.manageengine.com/log-management/use-cases/discovering-and-securing-credit-card-information-log360.pdf,"discovering, card, securing, credit, log360"
814,Log360,Subha,itsecurity-mktg@zohocorp.com,Technical Document,Detecting APTs using MITRE ATT&CK TTPs,A use case document on Log360's features,,Up-to-date,,https://download.manageengine.com/log-management/use-cases/detect-apts-using-mitre-attack-ttps.pdf,"mitre, using, apts, detecting, log360"
815,Log360,Subha,itsecurity-mktg@zohocorp.com,Case study,"FES enhances security posture, opts for EventLog Analyzer over Splunk",A Log360 customer case study,,Up-to-date,,https://www.manageengine.com/products/eventlog/case-studies/eventlog-analyzer-fes-case-study.html,"enhances, fes, log360, posture, security"
816,Log360,Subha,itsecurity-mktg@zohocorp.com,Case study,Fortifying IT infrastructure: Zaxby's success story with Log360,A Log360 customer case study,,Up-to-date,,https://www.manageengine.com/log-management/case-studies/log360-zaxbys-case-study.html,"infrastructure, zaxby, fortifying, success, log360"
817,Log360,Subha,itsecurity-mktg@zohocorp.com,Case study,"Log360, ManageEngine's SIEM solution helps PRC meet their security and auditing requirements",A Log360 customer case study,,Up-to-date,,https://www.manageengine.com/log-management/case-studies/log360-prciva-case-study.html,"helps, manageengine, siem, solution, log360"
818,Log360,Subha,itsecurity-mktg@zohocorp.com,Case study,Florida school district solves network visibility and compliance woes with Log360,A Log360 customer case study,,Up-to-date,,https://www.manageengine.com/log-management/case-studies/florida-school-district-network-visibility-compliance-log360.html,"school, solves, florida, district, log360"
819,Log360,Subha,itsecurity-mktg@zohocorp.com,Case study,How Log360 helped a Vegas casino enhance its cybersecurity strategy,A Log360 customer case study,,Up-to-date,,https://www.manageengine.com/log-management/case-studies/vegas-casino-security-enhancement-log360.html,"enhance, casino, vegas, helped, log360"
820,Log360,Subha,itsecurity-mktg@zohocorp.com,Case study,CTC's game-changing move: A dive into their cybersecurity shift from Splunk to Log360,A Log360 customer case study,,Up-to-date,,https://www.manageengine.com/log-management/case-studies/ctc-defense-security-upgrade-log360.html,"game, ctc, move, changing, log360"
821,Log360,Subha,itsecurity-mktg@zohocorp.com,Case study,Revealing the invisible: How Log360 transformed Globitech's cybersecurity landscape,A Log360 customer case study,,Up-to-date,,https://www.manageengine.com/log-management/case-studies/log360-cybersecurity-transformation-globitech.html,"revealing, globitech, transformed, invisible, log360"
822,Log360,Subha,itsecurity-mktg@zohocorp.com,Case study,Outsourcing Solutions Group Case Study | ManageEngine EventLog Analyzer,A Log360 customer case study,,Up-to-date,,https://www.manageengine.com/products/eventlog/case-studies/eventloganalyzer-outsourcing-solutions-group-case-study.html,"study, solutions, case, outsourcing, log360"
823,Log360,Subha,itsecurity-mktg@zohocorp.com,Case study,LaBella leverages Log360 to enhance its security posture,A Log360 customer case study,,Up-to-date,,https://www.manageengine.com/log-management/case-studies/log360-labella-case-study.html,"enhance, leverages, security, log360, labella"
824,Log360,Subha,itsecurity-mktg@zohocorp.com,Case study,Spinx is staying PCI DSS compliant-ready with Log360,A Log360 customer case study,,Up-to-date,,https://www.manageengine.com/log-management/case-studies/log360-spinx-case-study.html,"dss, spinx, pci, log360, staying"
825,Log360,Subha,itsecurity-mktg@zohocorp.com,Case study,How ManageEngine's EventLog Analyzer helped FMC by balancing security and efficiency,A Log360 customer case study,,Up-to-date,,https://www.manageengine.com/products/eventlog/case-studies/eventlog-analyzer-federal-maritime-commission-case-study.html,"eventlog, manageengine, analyzer, helped, log360"
826,Log360,Subha,itsecurity-mktg@zohocorp.com,Case study,Unifying systems monitoring: How St. Johns County Tax Collector's office enhanced security with Log360,A Log360 customer case study,,Up-to-date,,https://www.manageengine.com/log-management/case-studies/log360-sjctax-case-study.html,"systems, unifying, monitoring, johns, log360"
827,Log360,Subha,itsecurity-mktg@zohocorp.com,Case study,How ManageEngine Log360 helped to elevate security for Electroimpact,A Log360 customer case study,,Up-to-date,,https://www.manageengine.com/log-management/case-studies/log360-electroimpact-case-study.html,"elevate, manageengine, log360, helped, security"
828,Log360,Subha,itsecurity-mktg@zohocorp.com,Case study,How Log360 supports ACSI in safeguarding data integrity and managing account lockouts,A Log360 customer case study,,Up-to-date,,https://www.manageengine.com/log-management/case-studies/log360-automated-collection-services-inc-case-study.html,"data, safeguarding, supports, acsi, log360"
829,Log360,Subha,itsecurity-mktg@zohocorp.com,Case study,Navigating the audit landscape with Log360: A case study on Farmers Trust & Savings Bank,A Log360 customer case study,,Up-to-date,,https://www.manageengine.com/log-management/case-studies/log360-farmers-trust-bank-case-study.html,"study, case, audit, navigating, log360"
830,Log360,Subha,itsecurity-mktg@zohocorp.com,Case study,"Crusader Community Health uses Log360 to detect and mitigate cyberattacks | With the help of advanced threat analytics, Crusader Community Health secures its sensitive data",A Log360 customer case study,,Up-to-date,,https://www.manageengine.com/log-management/case-studies/log360-crusader-community-health-case-study.html,"crusader, uses, community, health, log360"
831,Log360,Subha,itsecurity-mktg@zohocorp.com,Case study,Panther Systems leverages ManageEngine Log360's real-time correlation engine to thwart security attacks,A Log360 customer case study,,Up-to-date,,https://www.manageengine.com/log-management/case-studies/log360-panther-systems-case-study.html,"systems, panther, leverages, manageengine, log360"
832,Log360,Subha,itsecurity-mktg@zohocorp.com,Case study,Strengthening cybersecurity: How Log360 helps SafeRack strengthen its network security,A Log360 customer case study,,Up-to-date,,https://www.manageengine.com/log-management/case-studies/log360-saferack-case-study.html,"strengthening, cybersecurity, helps, saferack, log360"
833,Log360,Subha,itsecurity-mktg@zohocorp.com,Case study,U.S. Geological Survey combats Log4j security threat with Log360,A Log360 customer case study,,Up-to-date,,https://www.manageengine.com/log-management/case-studies/log360-us-geo-survey-case-study.html,"survey, log4j, combats, geological, log360"
834,Log360,Subha,itsecurity-mktg@zohocorp.com,Case study,How Calgon Carbon saved thousands safeguarding itself from a phishing attack using Log360,A Log360 customer case study,,Up-to-date,,https://www.manageengine.com/log-management/case-studies/log360-calgon-carbon-case-study.html,"thousands, saved, log360, calgon, carbon"
835,Log360,Subha,itsecurity-mktg@zohocorp.com,Case study,Detecting and mitigating cyber-threats with Log360: A case study on Teague's security success,A Log360 customer case study,,Up-to-date,,https://www.manageengine.com/log-management/case-studies/log360-teague-case-study.html,"study, mitigating, case, detecting, log360"
836,Log360,Subha,itsecurity-mktg@zohocorp.com,Case study,Unleash real-time security intelligence: Discover how Log360's correlation engine empowered Paradyn's MSSP services,A Log360 customer case study,,Up-to-date,,https://www.manageengine.com/log-management/case-studies/log360-paradyn-case-study.html,"time, unleash, security, log360, real"
837,Log360,Subha,itsecurity-mktg@zohocorp.com,Case study,Proactive security monitoring: Log360 helps detect failed logons for Helsingin aikuisopisto,A Log360 customer case study,,Up-to-date,,https://www.manageengine.com/log-management/case-studies/log360-helsingin-aikuisopisto-case-study.html,"monitoring, helps, proactive, log360, security"
838,Log360,Subha,itsecurity-mktg@zohocorp.com,Case study,How Log360 transformed Savana's security landscape,A Log360 customer case study,,Up-to-date,,https://www.manageengine.com/log-management/case-studies/log360-savana-case-study.html,"savana, transformed, log360, landscape, security"
839,Log360,Subha,itsecurity-mktg@zohocorp.com,Case study,4 ways Buyers Products mitigates threats using Log360,A Log360 customer case study,,Up-to-date,,https://www.manageengine.com/log-management/case-studies/log360-buyers-products-case-study.html,"buyers, ways, products, mitigates, log360"
840,Log360,Subha,itsecurity-mktg@zohocorp.com,Case study,Enhancing cyberdefense: Log360 enables Chugach Government Solutions to meet security requirements,A Log360 customer case study,,Up-to-date,,https://www.manageengine.com/log-management/case-studies/log360-chugach-government-solutions-case-study.html,"cyberdefense, chugach, enables, enhancing, log360"
841,Log360,Subha,itsecurity-mktg@zohocorp.com,Case study,Overcoming SIEM challenges: Public Storage's transformation with Log360,A Log360 customer case study,,Up-to-date,,https://www.manageengine.com/log-management/case-studies/log360-public-storage-case-study.html,"public, challenges, overcoming, siem, log360"
842,Log360,Subha,itsecurity-mktg@zohocorp.com,Case study,Enhancing IT security and efficiency at Saint Francis Ministries with Log360,A Log360 customer case study,,Up-to-date,,https://www.manageengine.com/log-management/case-studies/log360-st-francis-case-study.html,"efficiency, saint, log360, enhancing, security"
843,Log360,Subha,itsecurity-mktg@zohocorp.com,Brochure or flyer,Brochure,"A PDF with 2-3 pages that gives an overview of the product, its features, and benefits, and basic pricing/licensing details.",,Under update,,https://download.manageengine.com/log-management/unified-siem-solution-with-integrated-dlp-and-casb-capabilities.pdf,"brochure, pages, pdf, gives, log360"
844,Log360,Subha,itsecurity-mktg@zohocorp.com,Comparison document,Comparison documents,All coparison document's learn link,,To be updated,,https://one.zoho.com/zohoone/zohocorp/home/cxapp/learn/portal/zohocorp/manual/comparison-docs/article/log360-vs-azure-sentinel,"documents, comparison, learn, coparison, log360"
845,Log360,Subha,itsecurity-mktg@zohocorp.com,Comparison document,Log360vsAlertLogic,A battlecard between Log360 and its competitor,,To be updated,,https://workdrive.zoho.com/file/adejk8ea95496c961407b9ad975d5058663c4,"competitor, log360vsalertlogic, battlecard, log360"
846,Log360,Subha,itsecurity-mktg@zohocorp.com,Comparison document,Log360 vs Solarwinds,A battlecard between Log360 and its competitor,,Up-to-date,,https://workdrive.zoho.com/file/27p74970e6659bc6c4cca9ee671e5c4525ca3,"solarwinds, competitor, battlecard, log360"
847,Log360,Subha,itsecurity-mktg@zohocorp.com,Comparison document,Log360 vs Datadog,A battlecard between Log360 and its competitor,,Up-to-date,,https://workdrive.zoho.com/file/og55j5b8fb37ca22f4447a5dc5d04d5819f0b,"datadog, competitor, battlecard, log360"
848,Log360,Subha,itsecurity-mktg@zohocorp.com,Comparison document,Log360 vs Logrythm,A battlecard between Log360 and its competitor,,Up-to-date,,https://workdrive.zoho.com/file/og55j1df7fe56697041a3b4899bc218e9e0ac,"competitor, logrythm, battlecard, log360"
849,Log360,Subha,itsecurity-mktg@zohocorp.com,Comparison document,Log360 Vs Netwrix Auditor,A battlecard between Log360 and its competitor,,Up-to-date,,https://workdrive.zoho.com/file/og55jdac39daf23e54027917921f2c6a2d758,"battlecard, netwrix, log360, auditor, competitor"
850,Log360,Subha,itsecurity-mktg@zohocorp.com,Comparison document,Log360vsTenable,A battlecard between Log360 and its competitor,,To be updated,,https://workdrive.zoho.com/file/adejkdc141bda9e2f43ceab87acaf3cc61481,"competitor, battlecard, log360vstenable, log360"
851,Log360,Subha,itsecurity-mktg@zohocorp.com,Comparison document,Log360vsCrowdstrike,A battlecard between Log360 and its competitor,,To be updated,,https://workdrive.zoho.com/file/adejkb86f3f4067fc4c3f856115ba21a4d430,"competitor, battlecard, log360vscrowdstrike, log360"
852,Log360,Subha,itsecurity-mktg@zohocorp.com,Comparison document,Log360vsVaronis,A battlecard between Log360 and its competitor,,To be updated,,https://workdrive.zoho.com/file/adejkd8e18bb852d04ed7b490e8a491ad0f63,"log360vsvaronis, competitor, battlecard, log360"
853,Log360,Subha,itsecurity-mktg@zohocorp.com,Comparison document,Log360vsQuestSpotlight,A battlecard between Log360 and its competitor,,To be updated,,https://workdrive.zoho.com/file/adejkd42b2624f47043ae843ccee50f2af95c,"competitor, log360vsquestspotlight, battlecard, log360"
854,Log360,Subha,itsecurity-mktg@zohocorp.com,Comparison document,Log360vsEnergyLogserver,A battlecard between Log360 and its competitor,,To be updated,,https://workdrive.zoho.com/file/adejk1e835ad6ddb040a7be561fdba9f96c0e,"competitor, log360vsenergylogserver, battlecard, log360"
855,Log360,Subha,itsecurity-mktg@zohocorp.com,Comparison document,Log360vsAzureSentinel,A battlecard between Log360 and its competitor,,Up-to-date,,https://workdrive.zoho.com/file/og55j55443c09b83a49cfa006c6599932aacd,"competitor, log360vsazuresentinel, battlecard, log360"
856,Log360,Subha,itsecurity-mktg@zohocorp.com,Comparison document,Log360vsRapid7,A battlecard between Log360 and its competitor,,To be updated,,https://workdrive.zoho.com/file/cy5wrabfb496fd4d0410696e65d03d0a9f2ee,"competitor, battlecard, log360vsrapid7, log360"
857,Log360,Subha,itsecurity-mktg@zohocorp.com,Comparison document,Log360vsMcAfeeESM,A battlecard between Log360 and its competitor,,To be updated,,https://workdrive.zoho.com/file/ef0vz80ce103e09a84cdcb96e3182b86341e8,"competitor, battlecard, log360, log360vsmcafeeesm"
858,Log360,Subha,itsecurity-mktg@zohocorp.com,Comparison document,Log360vsCimTrak,A battlecard between Log360 and its competitor,,To be updated,,https://workdrive.zoho.com/file/ef0vz6c09ab7f7505421dba4b77e20667e3e6,"competitor, log360vscimtrak, battlecard, log360"
859,Log360,Subha,itsecurity-mktg@zohocorp.com,Comparison document,Log360vsSemperisPurpleKnightandDirectoryServicesProtector,A battlecard between Log360 and its competitor,,To be updated,,https://workdrive.zoho.com/file/cy5wra32a735a2ac14fa6a107cb7b6057f278,"competitor, battlecard, log360vssemperispurpleknightanddirectoryservicesprotector, log360"
860,Log360,Subha,itsecurity-mktg@zohocorp.com,Comparison document,Log360vsSplunkEnterprise,A battlecard between Log360 and its competitor,,Up-to-date,,https://workdrive.zoho.com/file/og55je9beab16cc2b4ac0b2b2be0c97171c9c,"competitor, log360vssplunkenterprise, battlecard, log360"
861,Log360,Subha,itsecurity-mktg@zohocorp.com,Comparison document,Log360vsBusinessLOGManagement,A battlecard between Log360 and its competitor,,To be updated,,https://workdrive.zoho.com/file/adejk8b796b9481c44638bd8b1a5db219cbc9,"competitor, battlecard, log360, log360vsbusinesslogmanagement"
862,Log360,Subha,itsecurity-mktg@zohocorp.com,Comparison document,Log360vsAlienVaultUSM,A battlecard between Log360 and its competitor,,To be updated,,https://workdrive.zoho.com/file/adejkdd4c0607ab3d49e3a6eeceb7e95bf811,"competitor, battlecard, log360vsalienvaultusm, log360"
863,Log360,Subha,itsecurity-mktg@zohocorp.com,Comparison document,Log360vsIBMQRadarComparisonDocument,A battlecard between Log360 and its competitor,,Up-to-date,,https://workdrive.zoho.com/file/og55j28cc6465f0dd4311909c741750f1b706,"competitor, log360vsibmqradarcomparisondocument, battlecard, log360"
864,Log360,Subha,itsecurity-mktg@zohocorp.com,Comparison document,Log360vsMicrosoftSentinelComparisonDocument,A battlecard between Log360 and its competitor,,Under update,,https://workdrive.zoho.com/file/oyedia205ff455be44388bd60d6bc569221c5,"competitor, battlecard, log360, log360vsmicrosoftsentinelcomparisondocument"
865,Log360,Subha,itsecurity-mktg@zohocorp.com,Comparison document,Log360vsLogz.io,A battlecard between Log360 and its competitor,,To be updated,,https://workdrive.zoho.com/file/cv1174f31406560ed415a836664257272aea0,"competitor, log360vslogz, battlecard, log360"
866,Log360,Subha,itsecurity-mktg@zohocorp.com,Comparison document,Log360vsEsecureSecureVisio,A battlecard between Log360 and its competitor,,To be updated,,https://workdrive.zoho.com/file/cv117f0a929109ce24520b923f4f106016cf6,"competitor, log360vsesecuresecurevisio, battlecard, log360"
867,Log360,Subha,itsecurity-mktg@zohocorp.com,Comparison document,Log360vsEclecticIQ,A battlecard between Log360 and its competitor,,To be updated,,https://workdrive.zoho.com/file/cv117c2f170a5ef5c4d5e81ad64b29c162812,"competitor, log360vseclecticiq, battlecard, log360"
868,Log360,Subha,itsecurity-mktg@zohocorp.com,Comparison document,Log360vsVectraAIComparisonDocument,A battlecard between Log360 and its competitor,,Up-to-date,,https://workdrive.zoho.com/file/cv117c2519025a56f4d81b70681c1be2973e8,"log360vsvectraaicomparisondocument, competitor, battlecard, log360"
869,Log360,Subha,itsecurity-mktg@zohocorp.com,Datasheet,Log360 datasheet,A datasheet on the features of Log360,,Up-to-date,,https://workdrive.zoho.com/file/tapfc066e90fe23cd45d9aa4c4624c0a4b9af,"datasheet, log360"
870,Log360,Subha,itsecurity-mktg@zohocorp.com,Datasheet,Advanced threat analytics in Log360,A datasheet on the features of Log360,,Up-to-date,,https://download.manageengine.com/log-management/data-sheets/advanced-threat-analytics-log360.pdf,"datasheet, analytics, log360, advanced, threat"
871,Log360,Subha,itsecurity-mktg@zohocorp.com,Datasheet,Log360 for compliance,A datasheet on the features of Log360,,Up-to-date,,https://download.manageengine.com/log-management/data-sheets/compliance-management-log360.pdf,"datasheet, compliance, log360"
872,Log360,Subha,itsecurity-mktg@zohocorp.com,Datasheet,Rapid and accurate log forensics with Log360,A datasheet on the features of Log360,,Up-to-date,,https://download.manageengine.com/log-management/data-sheets/log-forensics-log360.pdf,"log, log360, accurate, rapid, forensics"
873,Log360,Subha,itsecurity-mktg@zohocorp.com,Datasheet,"Behavior analytics
in Log360",A datasheet on the features of Log360,,Up-to-date,,https://download.manageengine.com/log-management/data-sheets/behaviour-analytics-log360.pdf,"behavior, analytics, datasheet, log360"
874,Log360,Subha,itsecurity-mktg@zohocorp.com,Datasheet,"Data collection
in Log360",A datasheet on the features of Log360,,Up-to-date,,https://download.manageengine.com/log-management/data-sheets/data-collection-log360.pdf,"collection, data, log360, datasheet"
875,Log360,Subha,itsecurity-mktg@zohocorp.com,Datasheet,"Data security with
Log360",A datasheet on the features of Log360,,Up-to-date,,https://download.manageengine.com/log-management/data-sheets/data-security-log360.pdf,"datasheet, data, log360, security"
876,Log360,Subha,itsecurity-mktg@zohocorp.com,Datasheet,"Securing cloud
resources",A datasheet on the features of Log360,,Up-to-date,,https://download.manageengine.com/log-management/data-sheets/securing-cloud-resources-log360.pdf,"securing, datasheet, cloud, resources, log360"
877,Log360,Subha,itsecurity-mktg@zohocorp.com,Datasheet,"Threat detection
and response with
Log360",A datasheet on the features of Log360,,Up-to-date,,https://download.manageengine.com/log-management/data-sheets/threat-detection-and-response-log360.pdf,"response, datasheet, detection, log360, threat"
878,Log360,Subha,itsecurity-mktg@zohocorp.com,Datasheet,"Log360's
ATTACK DETECTION
capabilities",A datasheet on the features of Log360,,Up-to-date,,https://download.manageengine.com/log-management/manageengine-log360-attack-detection-capabilities.pdf,"datasheet, detection, capabilities, log360, attack"
879,Log360,Subha,itsecurity-mktg@zohocorp.com,Datasheet,"AD SECURITY AND RISK
POSTURE MANAGEMENT",A datasheet on the features of Log360,,Up-to-date,,https://download.manageengine.com/log-management/active-directory-environment-with-log360-security-and-risk-posture-management.pdf,"management, risk, log360, posture, security"
880,Log360,Subha,itsecurity-mktg@zohocorp.com,Datasheet,MITRE ATT&CK,A datasheet on the features of Log360,,Up-to-date,,https://download.manageengine.com/log-management/extend-your-threat-detection-capabilities-with-log360-adoption-of-mitre-attack.pdf,"att, mitre, datasheet, log360"
881,Log360,Subha,itsecurity-mktg@zohocorp.com,Datasheet,"INCIDENT
WORKBENCH",A datasheet on the features of Log360,,Up-to-date,,https://download.manageengine.com/log-management/incident-workbench-datasheet.pdf,"workbench, datasheet, log360, incident"
882,Log360,Ram,itsecurity-mktg@zohocorp.com,E-book or guide,Log360 UEBA Best Practices Guide,This guide details the best practices which ensure smooth operation and optimum performance of Log360 UEBA.,This guide details the best practices which ensure smooth operation and optimum performance of Log360 UEBA.,Up-to-date,,https://download.manageengine.com/log-management/ueba-best-practices-guide.pdf,"practices, best, details, ueba, log360"
883,M365 Manager Plus,Dhilip R,m365-marketing@zohocorp.com,Brochure or flyer,Brochure,"A PDF with 2-3 pages that gives an overview of the product, its features, and benefits, and basic pricing/licensing details.",,Up-to-date,June 2024,"https://www.manageengine.com/microsoft-365-management-reporting/m365-manager-plus-brochure.pdf

https://workdrive.zoho.com/file/shmv33f7e531bdac840e8bec295614b5c1d91","brochure, m365 manager plus, mmp, pdf, m365mp"
884,M365 Manager Plus,Dhilip R,m365-marketing@zohocorp.com,Datasheet,Datasheet,"A PDF with 2-3 pages that gives an overview of the product, its features, and technical details such as system requirements.",,Up-to-date,"January, 2024","https://download.manageengine.com/microsoft-365-management-reporting/m365managerplus-datasheet.pdf

https://workdrive.zoho.com/file/gl64f008bca6e9d074a0b9fe7d2ea30c98118","datasheet, m365 manager plus, mmp, pdf, m365mp"
885,M365 Manager Plus,Dhilip R,m365-marketing@zohocorp.com,Presentation,Slide deck,"PPT with 20-30 slides giving an overview of the product, its features, benefits, etc.",,Up-to-date,"September, 2023",https://show.zoho.com/show/open/msimz3526f353ae0f49beacf00168b4f313a4,"slide, m365 manager plus, mmp, deck, m365mp"
886,M365 Manager Plus,Dhilip R,m365-marketing@zohocorp.com,Other,Battlecard,"A PDF that shows where the product stands in the current market and how to pitch the product to a lead.
Note: For internal and reseller consumption only.",,Up-to-date,July 2024,https://workdrive.zoho.com/file/bghmmd9fc6c7efba2465d9fb537826065bc1f,"battlecard, m365 manager plus, mmp, pdf, m365mp"
887,M365 Manager Plus,Dhilip R,m365-marketing@zohocorp.com,Solution brief,Use cases document,A PDF that lists the important use cases the product addresses.,,Up-to-date,May 2024,https://workdrive.zoho.com/file/jayfgc28327aad3c8427ea39ad3c24de1955b,"cases, m365 manager plus, mmp, use, m365mp"
888,M365 Manager Plus,Dhilip R,m365-marketing@zohocorp.com,Datasheet,Fact sheet,"Gives an overview of the product, its features, and technical details such as system requirements.",,Up-to-date,Jan 2024,https://download.manageengine.com/microsoft-365-management-reporting/m365-manager-plus-fact-sheet.pdf,"fact, m365 manager plus, mmp, sheet, m365mp"
889,M365 Manager Plus,Dhilip R,m365-marketing@zohocorp.com,Datasheet,Sales Cheat sheet,"A PDF that shows where the product stands in the current market, list the customer pain points, business benefits, use cases, and how to pitch the product to a lead. Note: For internal and reseller consumption only.",,To be created,,,"cheat, sales, m365 manager plus, mmp, m365mp"
890,M365 Manager Plus,Dhilip R,m365-marketing@zohocorp.com,Other,ROI calculator,A webpage that shows the ROI of the product.,,Up-to-date,January 2024,https://www.manageengine.com/microsoft-365-management-reporting/microsoft-365-roi-calculator.html,"calculator, roi, m365 manager plus, mmp, m365mp"
891,M365 Manager Plus,Dhilip R,m365-marketing@zohocorp.com,E-book or guide,Licensing guide,Explains M365 Manager Plus' licensing process,,Up-to-date,"27 May, 2024",https://workdrive.zoho.com/file/bvzoq1d266ff15e84488c9ae30597f5176f89,"explains, licensing, m365 manager plus, mmp, m365mp"
892,M365 Manager Plus,Dhilip R,m365-marketing@zohocorp.com,E-book or guide,Proof of concept,,,To be created,,,"proof, concept, m365 manager plus, mmp, m365mp"
893,M365 Manager Plus,Dhilip R,m365-marketing@zohocorp.com,Technical Document,Admin guide,"Provides you the details of system requirements, product installation and start up. Guides you in configuring M365 Manager Plus and provides the steps to use all the features.",,Up-to-date,,https://www.manageengine.com/microsoft-365-management-reporting/documents.html?topMenu,"admin, m365 manager plus, mmp, provides, m365mp"
894,M365 Manager Plus,Dhilip R,m365-marketing@zohocorp.com,Technical Document,Architecture guide,Provides information how  each module of M365 Manager Plus works with AD.,,Up-to-date,April 2024,https://download.manageengine.com/microsoft-365-management-reporting/m365managerplus-architecture.pdf,"architecture, m365 manager plus, provides, mmp, m365mp"
895,M365 Manager Plus,Dhilip R,m365-marketing@zohocorp.com,Technical Document,Permissions guide,"Provides the minimum permissions required by M365 Manager Plus for seamless functioning,",,Up-to-date,July 2024,https://www.manageengine.com/microsoft-365-management-reporting/roles-and-permissions-required-to-use-m365manager-plus.pdf,"permissions, m365 manager plus, mmp, provides, m365mp"
896,M365 Manager Plus,Dhilip R,m365-marketing@zohocorp.com,Technical Document,Security measures guide,This document provides the steps needed to improve the security for your M365 Manager Plus instance,,Up-to-date,16 May 2024,https://www.manageengine.com/microsoft-365-management-reporting/securing-m365-manager-plus-installation.pdf,"m365 manager plus, mmp, m365mp, measures, security"
897,M365 Manager Plus,Dhilip R,m365-marketing@zohocorp.com,Technical Document,Comparison document template,,,Up-to-date,March 2025,https://writer.zoho.com/writer/open/hifsv95399ea5054646bfaff951182420aec6,"comparison, template, m365 manager plus, mmp, m365mp"
898,M365 Manager Plus,Dhilip R,m365-marketing@zohocorp.com,Technical Document,RFP template,This is a detailed request for proposal document that describes the features of M365 Manager Plus,,Up-to-date,March 2024,https://workdrive.zoho.com/file/jayfg2d1f64c1e87a45ebba7e54d5888ad932,"template, m365 manager plus, mmp, rfp, m365mp"
899,M365 Manager Plus,Dhilip R,m365-marketing@zohocorp.com,Technical Document,SOW template,This document details the activities that will be a part of M365 Manager Plus implementation.,,Up-to-date,February 2025,https://workdrive.zoho.com/file/jayfgc98c85b76b5c49ecbe7c0e052f520283,"template, m365 manager plus, mmp, sow, m365mp"
900,M365 Manager Plus,Dhilip R,m365-marketing@zohocorp.com,Technical Document,VPAT,"The purpose of the Voluntary Product Accessibility Template, or VPAT™, is to
assist Federal contracting officials and other buyers in making preliminary 
assessments regarding the availability of commercial “Electronic and Information
Technology” products and services with features that support accessibility.",,Up-to-date,March 2024,"https://workdrive.zoho.com/file/jayfgbf3fbc15c0394b1793f69cab383e7ad4     https://workdrive.zoho.com/file/jayfg53a4faaeaf8848f199866d5dfa4008ca
https://workdrive.zoho.com/file/qiztjfa4c1d01a77741d0a70e0a9a1dd16c35","m365 manager plus, mmp, accessibility, m365mp, vpat"
901,M365 Manager Plus,Dhilip R,m365-marketing@zohocorp.com,Technical Document,Quick start/Installation/Deployment guide,"Provides you the details of system requirements, product installation and start up.",,Up-to-date,July 2024,https://www.manageengine.com/microsoft-365-management-reporting/microsoft365-manager-plus-installation-guide.pdf,"m365 manager plus, start, mmp, installation, m365mp"
902,M365 Manager Plus,Dhilip R,m365-marketing@zohocorp.com,Technical Document,Tenant configuration guide,Provides the automatic and manual tenant configuration steps.,,Up-to-date,August 2024,https://www.manageengine.com/microsoft-365-management-reporting/microsoft365-tenant-configuration.pdf,"tenant, m365 manager plus, mmp, m365mp, configuration"
903,M365 Manager Plus,Dhilip R,m365-marketing@zohocorp.com,Technical Document,System and port requirements,Lists the system and port requirement of M365 Manager Plus.,,Up-to-date,November 2024,https://www.manageengine.com/microsoft-365-management-reporting/system-requirements.html,"port, m365 manager plus, mmp, m365mp, system"
904,M365 Manager Plus,Dhilip R,m365-marketing@zohocorp.com,Technical Document,Guide to install SSL certificate in M365 Manager Plus,Provides the steps to install SSL certificate in M365 Manager Plus.,,Up-to-date,Apr 2024,https://www.manageengine.com/microsoft-365-management-reporting/guide-to-secure-m365-manager-plus-with-ssl.pdf,"ssl, m365 manager plus, mmp, m365mp, install"
905,M365 Manager Plus,Dhilip R,m365-marketing@zohocorp.com,Technical Document,Guide to set up M365 Manager Plus in Azure,Provides the steps to host M365 Manager Plus in Azure.,,Up-to-date,Apr 2024,https://www.manageengine.com/microsoft-365-management-reporting/documents.html?topMenu,"azure, m365 manager plus, mmp, m365, m365mp"
906,M365 Manager Plus,Dhilip R,m365-marketing@zohocorp.com,Technical Document,PostgreSQL to MS SQL Migration Guide,,,Up-to-date,July 2024,https://www.manageengine.com/microsoft-365-management-reporting/microsoft-365-postgresql-to-mssql-migration.pdf,"postgresql, sql, m365 manager plus, mmp, m365mp"
907,M365 Manager Plus,Dhilip R,m365-marketing@zohocorp.com,Technical Document,Guide to host M365 Manager Plus on the internet,Provides the steps to host M365 Manager Plus on the internet.,,Up-to-date,April 2024,https://www.manageengine.com/microsoft-365-management-reporting/guide-to-host-m365-manager-plus-on-the-internet.pdf,"host, m365 manager plus, mmp, m365, m365mp"
908,M365 Manager Plus,Dhilip R,m365-marketing@zohocorp.com,Technical Document,Roles and permissions list for reports,Lists the roles and permissions required for the reports module of M365 Manager Plus.,,Up-to-date,"1 Oct, 2024",https://workdrive.zoho.com/file/jayfg1c52d8d744f84a0e917bb085709aa5b3,"roles, permissions, m365 manager plus, mmp, m365mp"
909,M365 Manager Plus,Dhilip R,m365-marketing@zohocorp.com,Technical Document,Data integrity techniques and security measures,Includes the data integrity techniques and security measures used by MMP,,Up-to-date,"22 Dec, 2023",https://workdrive.zoho.com/file/h47h28b7061ec778d456fa6ee144be87e9e49,"data, integrity, m365 manager plus, mmp, m365mp"
910,M365 Manager Plus,Dhilip R,m365-marketing@zohocorp.com,Technical Document,Server Migration Guide,Provides the steps to migrate the data from an old instance of M365 Manager Plus to a new one,,Under update,"5 Jan, 2024",https://www.manageengine.com/microsoft-365-management-reporting/m365manager-plus-migration-guide.pdf,"server, m365 manager plus, mmp, migration, m365mp"
911,M365 Manager Plus,Dhilip R,m365-marketing@zohocorp.com,Technical Document,Third-party applications list,Lit of all third-party software used by M365 Manager Plus,,Up-to-date,February 2024,https://www.manageengine.com/microsoft-365-management-reporting/help/third-party-software.html,"third, m365 manager plus, mmp, party, m365mp"
912,M365 Manager Plus,Dhilip R,m365-marketing@zohocorp.com,Technical Document,Training Agenda,,,Up-to-date,24 April 2024,https://workdrive.zoho.com/file/t1wlmb14838e9d1e1420bb251ebd3ce697dba,"m365 manager plus, mmp, training, agenda, m365mp"
913,M365 Manager Plus,Dhilip R,m365-marketing@zohocorp.com,Technical Document,Health Check,,,Up-to-date,Feb 2024,https://workdrive.zoho.com/file/n0mzl4213464cb4344a888d5cce2292318542,"check, m365 manager plus, mmp, health, m365mp"
914,M365 Manager Plus,Dhilip R,m365-marketing@zohocorp.com,Technical Document,Encryption standards and data integrity measures implemented in M365 Manager Plus,"A list of the encryption standards, and the measures taken to secure the data processed in each module of M365 Manager Plus",,Up-to-date,Mar 2024,https://workdrive.zoho.com/file/hak2386c83ac9b47c4c76a5adf28ddfedca26,"m365 manager plus, mmp, encryption, standards, m365mp"
915,M365 Manager Plus,Dhilip R,m365-marketing@zohocorp.com,Comparison document,Template,,,Up-to-date,December 2024,https://writer.zoho.com/writer/open/hifsv95399ea5054646bfaff951182420aec6,"template, m365 manager plus, m365mp, mmp"
916,M365 Manager Plus,Dhilip R,m365-marketing@zohocorp.com,Comparison document,MMP vs ADMP,,,Up-to-date,December 2024,https://workdrive.zoho.com/file/sovq8c7907bc772924c21a5bd7716e384e6b8,"admp, m365 manager plus, m365mp, mmp"
917,M365 Manager Plus,Dhilip R,m365-marketing@zohocorp.com,Comparison document,MMP vs ADAP,,,Up-to-date,December 2024,https://workdrive.zoho.com/file/jayfg4f62a487c8f24a2c8a0399e7ab484b97,"adap, m365 manager plus, m365mp, mmp"
918,M365 Manager Plus,Dhilip R,m365-marketing@zohocorp.com,Comparison document,MMP vs ERP,,,Up-to-date,December 2024,https://workdrive.zoho.com/file/jayfg315a3a84cb12446cb36e0e7703be73ac,"m365 manager plus, m365mp, mmp, erp"
919,M365 Manager Plus,Dhilip R,m365-marketing@zohocorp.com,Comparison document,MMP vs SPMP,,,Up-to-date,December 2024,https://workdrive.zoho.com/file/itudp61834185c22e445d9db63a722d6e0c34,"spmp, m365 manager plus, m365mp, mmp"
920,M365 Manager Plus,Dhilip R,m365-marketing@zohocorp.com,Comparison document,MMP vs MSP,,,Up-to-date,October 2024,https://workdrive.zoho.com/file/8d18se7fe73bac8d74d12b42f7833bc0c51fe,"m365 manager plus, m365mp, mmp, msp"
921,M365 Manager Plus,Dhilip R,m365-marketing@zohocorp.com,Comparison document,MMP vs Microsoft 365,,,Up-to-date,October 2024,https://www.manageengine.com/microsoft-365-management-reporting/microsoft-365-with-manageengine-m365-manager-plus-comparison.html,"microsoft, m365 manager plus, mmp, 365, m365mp"
922,M365 Manager Plus,Dhilip R,m365-marketing@zohocorp.com,Comparison document,M365 Manager Plus vs CoreView,,,Under update,"11 Mar, 2025",https://www.manageengine.com/microsoft-365-management-reporting/comparison/coreview-alternative.html,"coreview, m365 manager plus, mmp, m365, m365mp"
923,M365 Manager Plus,Dhilip R,m365-marketing@zohocorp.com,Comparison document,M365 Manager Plus vs Admindroid,,,Under update,"11 Mar, 2025",https://www.manageengine.com/microsoft-365-management-reporting/comparison/admindroid-alternative.html,"m365 manager plus, mmp, admindroid, m365, m365mp"
924,M365 Manager Plus,Dhilip R,m365-marketing@zohocorp.com,Comparison document,M365 Manager Plus vs Microsoft 365 LightHouse,,,Under update,"11 Mar, 2025",https://www.manageengine.com/microsoft-365-management-reporting/comparison/microsoft365-lighthouse-alternative.html,"microsoft, m365 manager plus, mmp, m365, m365mp"
925,M365 Manager Plus,Dhilip R,m365-marketing@zohocorp.com,Case study,"The Eclipse Group, Dubai","Event management

Challenge: Billing

Feature: Reports and Management",,Up-to-date,25-Jul-2017,https://www.manageengine.com/microsoft-365-management-reporting/the-eclipse-group-case-study.htmlhttps://www.manageengine.com/microsoft-365-management-reporting/the-eclipse-group-case-study.pdf,"eclipse, management, m365 manager plus, mmp, m365mp"
926,M365 Manager Plus,Dhilip R,m365-marketing@zohocorp.com,Case study,Adaptimmune Therapeutics,"Healthcare

Challenge: HIPAA compliance

Feature: Reports",,Up-to-date,29-Mar-2023,https://www.manageengine.com/microsoft-365-management-reporting/case-study/adaptimmune-therapeutics-secure-microsoft-365-data-case-study.html,"therapeutics, adaptimmune, m365 manager plus, mmp, m365mp"
927,M365 Manager Plus,Dhilip R,m365-marketing@zohocorp.com,E-book or guide,M365 Manager Plus does what Admin Center and PS can't,Explains the capabilities of M365 Manager Plus that is not available in Admin Center and PowerShell.,,Up-to-date,2021,https://download.manageengine.com/microsoft-365-management-reporting/m365manager-plus-does-what-microsoft-365-and-powershell-cant.pdf,"admin, m365 manager plus, mmp, m365, m365mp"
928,M365 Manager Plus,Dhilip R,m365-marketing@zohocorp.com,E-book or guide,Seven best practices to secure M365,Explains the top 7 Microsoft 365 security best practices.,,Up-to-date,2021,https://www.manageengine.com/microsoft-365-management-reporting/documents.html,"practices, best, m365 manager plus, mmp, m365mp"
929,M365 Manager Plus,Dhilip R,m365-marketing@zohocorp.com,E-book or guide,Admin's guide to secure M365 productivity apps,,,Up-to-date,2021,https://download.manageengine.com/microsoft-365-management-reporting/secure-microsoft-365-productivity-apps-admin-guide.pdf,"admin, secure, m365 manager plus, mmp, m365mp"
930,M365 Manager Plus,Dhilip R,m365-marketing@zohocorp.com,E-book or guide,Admin's guide to boosting M365 secure score,Provides to tips improve M365 secure score.,,Up-to-date,2021,https://download.manageengine.com/microsoft-365-management-reporting/microsoft-365-secure-score-admin-guide.pdf,"secure, m365 manager plus, mmp, m365, m365mp"
931,M365 Manager Plus,Dhilip R,m365-marketing@zohocorp.com,E-book or guide,Five steps to remediate compromised M365 account,Provides steps to remediate compromised M365 user accounts.,,Up-to-date,2021,https://download.manageengine.com/microsoft-365-management-reporting/guide-to-fix-your-compromised-microsoft-365-account.pdf,"m365 manager plus, remediate, mmp, steps, m365mp"
932,M365 Manager Plus,Dhilip R,m365-marketing@zohocorp.com,E-book or guide,M365 service health monitoring,Helps with the steps to use M365 Manager Plus' monitoring feature.,,Up-to-date,2021,https://download.manageengine.com/microsoft-365-management-reporting/tool-to-monitor-microsoft-365-service-health.pdf,"monitoring, m365 manager plus, mmp, m365, m365mp"
933,M365 Manager Plus,Dhilip R,m365-marketing@zohocorp.com,E-book or guide,The definitive M365 compliance and security guide,Best practices for Microsoft 365 security and compliance.,,Up-to-date,2021,https://download.manageengine.com/microsoft-365-management-reporting/the-definitive-microsoft-365-security-compliance-guide.pdf,"compliance, m365 manager plus, mmp, m365mp, security"
934,M365 Manager Plus,Dhilip R,m365-marketing@zohocorp.com,E-book or guide,The US department of homeland security's M365 best practices,Describes the security nest practices recommended by the DHS.,,Up-to-date,2021,https://download.manageengine.com/microsoft-365-management-reporting/dhs-security-best-practices-for-microsoft-365-security.pdf,"practices, m365 manager plus, mmp, m365mp, security"
935,M365 Manager Plus,Dhilip R,m365-marketing@zohocorp.com,E-book or guide,How to protect your C-suite from whale phishing attack,Provides tips to identify and prevent phishing attacks.,,Up-to-date,2021,https://download.manageengine.com/microsoft-365-management-reporting/how-to-protect-your-executives-against-whale-phishing-attacks.pdf,"phishing, m365 manager plus, mmp, protect, m365mp"
936,M365 Manager Plus,Dhilip R,m365-marketing@zohocorp.com,E-book or guide,Guide to automate M365 user life cycle management,Provides the steps to automate M365 user lifecycle management.,,Up-to-date,2021,https://download.manageengine.com/microsoft-365-management-reporting/microsoft-365-automation-ebook.pdf,"automate, m365 manager plus, mmp, m365, m365mp"
937,M365 Manager Plus,Dhilip R,m365-marketing@zohocorp.com,E-book or guide,SOX compliance with MMP,List of reports that help with SOX compliance.,,To be updated,2021,https://www.manageengine.com/microsoft-365-management-reporting/pci-compliance-in-microsoft-365.pdf,"compliance, sox, m365 manager plus, mmp, m365mp"
938,M365 Manager Plus,Dhilip R,m365-marketing@zohocorp.com,E-book or guide,HIPAA compliance with MMP,List of reports that help with HIPAAcompliance.,,To be updated,2021,https://www.manageengine.com/microsoft-365-management-reporting/hipaa-compliance-in-microsoft-365.pdf,"compliance, m365 manager plus, mmp, hipaa, m365mp"
939,M365 Manager Plus,Dhilip R,m365-marketing@zohocorp.com,E-book or guide,FISMA compliance with MMP,List of reports that help with FISMA compliance.,,To be updated,2021,https://www.manageengine.com/microsoft-365-management-reporting/fisma-compliance-in-microsoft-365.pdf,"fisma, compliance, m365 manager plus, mmp, m365mp"
940,M365 Manager Plus,Dhilip R,m365-marketing@zohocorp.com,E-book or guide,GLBA compliance with MMP,List of reports that help with GLBA compliance.,,To be updated,2021,https://www.manageengine.com/microsoft-365-management-reporting/glba-compliance-in-microsoft-365.pdf,"compliance, m365 manager plus, mmp, glba, m365mp"
941,M365 Manager Plus,Dhilip R,m365-marketing@zohocorp.com,E-book or guide,PCI compliance with MMP,List of reports that help with PCI compliance.,,To be updated,2021,https://www.manageengine.com/microsoft-365-management-reporting/pci-compliance-in-microsoft-365.pdf,"compliance, m365 manager plus, mmp, pci, m365mp"
942,M365 Manager Plus,Dhilip R,growth-marketing@zohocorp.com,Case study,Case study of CSA Fraternal Life,"How CSA Fraternal life uses M365 Manager Plus to perform M365 reporting, and content search within its M365 environment",,Up-to-date,2024,https://www.manageengine.com/active-directory-360/manage-and-protect-identities/case-studies/csa-fraternal-life-and-m365-manager-plus.html,"m365 manager plus, mmp, m365, csa, m365mp"
943,SharePoint Manager Plus,Dhilip R,spmp-marketing@zohocorp.com,Brochure or flyer,Brochure,"A PDF with 2-3 pages that gives an overview of the product, its features, and benefits, and basic pricing/licensing details.",,Up-to-date,Sep 2023,https://download.manageengine.com/sharepoint-management-reporting/sharepoint-manager-plus-brochure.pdf,"brochure, sharepoint manager plus, pages, spmp, pdf"
944,SharePoint Manager Plus,Dhilip R,spmp-marketing@zohocorp.com,Datasheet,Datasheet,"A PDF with 2-3 pages that gives an overview of the product, its features, and technical details such as system requirements.",,Up-to-date,Dec 2024,https://download.manageengine.com/sharepoint-management-reporting/7-rock-solid-reasons-to-choose-sharepointmanagerplus.pdf,"sharepoint manager plus, pages, datasheet, spmp, pdf"
945,SharePoint Manager Plus,Dhilip R,spmp-marketing@zohocorp.com,Presentation,Slide deck,"PPT with 20-30 slides giving an overview of the product, its features, benefits, etc.",,Up-to-date,Jul 2024,https://www.manageengine.com/sharepoint-management-reporting/sharepoint-manager-plus-overview-presentation.pdf,"sharepoint manager plus, slide, spmp, ppt, deck"
946,SharePoint Manager Plus,Dhilip R,spmp-marketing@zohocorp.com,Other,Battlecard,"A PDF that shows where the product stands in the current market and how to pitch the product to a lead.
Note: For internal and reseller consumption only.",,Up-to-date,Jun 2024,https://workdrive.zoho.com/file/ewfyhdb967d0dcfe2449380aa91219091a130,"sharepoint manager plus, battlecard, spmp, shows, pdf"
947,SharePoint Manager Plus,Dhilip R,spmp-marketing@zohocorp.com,E-book or guide,Use cases document,A PDF that lists the important use cases the product addresses.,,To be created,,,"sharepoint manager plus, cases, spmp, pdf, use"
948,SharePoint Manager Plus,Dhilip R,spmp-marketing@zohocorp.com,Help doc,Admin guide,"Provides you the details of system requirements, product installation and start up. Guides you in configuring SharePoint Manager Plus and provides the steps to use all the features.",,Up-to-date,November 2024,https://www.manageengine.com/sharepoint-management-reporting/help/,"sharepoint manager plus, admin, spmp, details, provides"
949,SharePoint Manager Plus,Dhilip R,spmp-marketing@zohocorp.com,E-book or guide,Architecture guide,Provides information how  each module of SharePoint Manager Plus works.,,Up-to-date,2023,https://www.manageengine.com/sharepoint-management-reporting/sharepoint-manager-plus-architecture.pdf,"information, sharepoint manager plus, spmp, architecture, provides"
950,SharePoint Manager Plus,Dhilip R,spmp-marketing@zohocorp.com,E-book or guide,Permissions guide,"Provides the minimum permissions required by SharePoint Manager Plus for seamless functioning,",,Up-to-date,Jan 2025,https://www.manageengine.com/sharepoint-management-reporting/required-permissions-and-privileges-guide.pdf,"sharepoint manager plus, minimum, permissions, spmp, provides"
951,SharePoint Manager Plus,Dhilip R,spmp-marketing@zohocorp.com,E-book or guide,Security measures guide,This document provides the steps needed to improve the security for your SharePoint Manager Plus instance,,Up-to-date,Jun 2024,https://www.manageengine.com/sharepoint-management-reporting/securing-sharepoint-manager-plus-installation-guide.pdf,"sharepoint manager plus, spmp, provides, measures, security"
952,SharePoint Manager Plus,Dhilip R,spmp-marketing@zohocorp.com,Other,RFP template,This is a detailed request for proposal document that describes the features of SharePoint Manager Plus.,,Up-to-date,Jan 2024,https://workdrive.zoho.com/file/th8u4863fffce466c49c5b3d63e650bb848e8,"sharepoint manager plus, template, spmp, detailed, rfp"
953,SharePoint Manager Plus,Dhilip R,spmp-marketing@zohocorp.com,Other,SOW document,This document details the activities that will be a part of SharePoint Manager Plus implementation.,,Up-to-date,October 2024,https://workdrive.zoho.com/file/uh2ug6b939b0675bf4925bcad7ea8a03e304a,"sharepoint manager plus, spmp, details, activities, sow"
954,SharePoint Manager Plus,Dhilip R,spmp-marketing@zohocorp.com,Other,VPAT,"The purpose of the Voluntary Product Accessibility Template, or VPAT™, is to assist Federal contracting officials and other buyers in making preliminary assessments regarding the availability of commercial “Electronic and Information Technology” products and services with features that support accessibility.",,Up-to-date,April 2024,https://workdrive.zoho.com/file/qiztj50fdbc417747440a9a0a6ac048c99d99,"purpose, sharepoint manager plus, spmp, accessibility, vpat"
955,SharePoint Manager Plus,Dhilip R,spmp-marketing@zohocorp.com,E-book or guide,Quick start/Installation/Deployment guide,"Provides you the details of system requirements, product installation and start up.",,Up-to-date,October 2024,https://www.manageengine.com/sharepoint-management-reporting/quick-start-guide.pdf,"sharepoint manager plus, spmp, quick, start, installation"
956,SharePoint Manager Plus,Dhilip R,spmp-marketing@zohocorp.com,E-book or guide,System and port requirements,Lists the hardware and software requirements of SharePoint Manager Plus,,Up-to-date,Oct 2024,https://www.manageengine.com/sharepoint-management-reporting/sharepoint-manager-plus-system-and-port-requirements-guide.pdf,"port, sharepoint manager plus, spmp, requirements, system"
957,SharePoint Manager Plus,Dhilip R,spmp-marketing@zohocorp.com,E-book or guide,Server migration guide,This document will guide you through the process of migrating your SharePoint Manager Plus installation from one machine to another.,,Up-to-date,Jan 2025,https://www.manageengine.com/sharepoint-management-reporting/sharepoint-manager-plus-server-migration-guide.pdf,"sharepoint manager plus, server, process, spmp, migration"
958,SharePoint Manager Plus,Dhilip R,spmp-marketing@zohocorp.com,E-book or guide,How to install an SSL certificate in SharePoint Manager Plus,Provides the steps to install an SSL certificate in SharePoint Manager Plus.,,Up-to-date,Jan 2025,https://www.manageengine.com/sharepoint-management-reporting/installing-ssl-certificate-guide.pdf,"ssl, sharepoint manager plus, certificate, spmp, install"
959,SharePoint Manager Plus,Dhilip R,spmp-marketing@zohocorp.com,Other,Training agenda,,,Up-to-date,January 2025,https://workdrive.zoho.com/file/djw8lf4d23489993946078d7836fcb6717cbd,"training, agenda, spmp, sharepoint manager plus"
960,SharePoint Manager Plus,Dhilip R,spmp-marketing@zohocorp.com,Other,Third-party applications list,Lists all the third-party applications used in SharePoint Manager Plus.,,Up-to-date,Jun 2024,https://www.manageengine.com/sharepoint-management-reporting/help/third-party-software.html,"sharepoint manager plus, third, spmp, party, applications"
961,SharePoint Manager Plus,Dhilip R,spmp-marketing@zohocorp.com,Other,POC guide,Details the proof of concept for SharePoint Manager Plus,,Up-to-date,Feb 2024,https://workdrive.zoho.com/file/9ssyg4b32c83b9fa94d6e9b0028ac98cbc6cc,"sharepoint manager plus, proof, spmp, poc, details"
962,SharePoint Manager Plus,Dhilip R,spmp-marketing@zohocorp.com,Comparison document,SharePoint Manager Plus comparison document template,Template for structuring the comparison document,,Up-to-date,Jul-2023,https://writer.zoho.com/writer/open/62z0hcdb5b90d490b417d848847fcc86f7590,"sharepoint manager plus, sharepoint, comparison, template, spmp"
963,SharePoint Manager Plus,Dhilip R,spmp-marketing@zohocorp.com,Comparison document,SharePoint Manager Plus vs Native tools,Comparison doc between SharePoint Manager Plus and native SharePoint,,Up-to-date,Jun-2024,https://workdrive.zoho.com/file/ewfyh2a9d5851c9ec485591efa8114215e2be,"tools, sharepoint manager plus, sharepoint, spmp, native"
964,SharePoint Manager Plus,Dhilip R,spmp-marketing@zohocorp.com,Comparison document,SharePoint Manager Plus vs ShareGate,Comparison doc between SharePoint Manager Plus and ShareGate,,Up-to-date,May-2024,https://workdrive.zoho.com/file/goxdnba6eb152a41d42a4ac9080409f2aaa12,"sharepoint manager plus, sharepoint, comparison, spmp, sharegate"
965,DataSecurity Plus,Sakthi Sri A,dsp-marketing@zohocorp.com,Datasheet,Datasheet,"A summary of key features of all modules of DataSecurity Plus (File server auditing, File analysis, risk analaysis, data leak prevention, cloud protection) along with licensing details, supported platform",,Up-to-date,2024,https://download.manageengine.com/data-security/pdf/datasheet.pdf,"datasecurity plus, datasheet, dsp, summary, file"
966,DataSecurity Plus,Sakthi Sri A,dsp-marketing@zohocorp.com,Presentation,Product overview presentation,"A high-level introduction to all modules of DataSecurity Plus, its features, licensing, supported platforms, and value proposition.",,Up-to-date,2024,https://workdrive.zoho.com/file/tecm127258040992a4b0981ecde4210a57694,"presentation, datasecurity plus, overview, dsp, high"
967,DataSecurity Plus,Sakthi Sri A,dsp-marketing@zohocorp.com,Technical Document,Scope of work,"A detailed description of onboarding agenda, implementation pre-requisites, deliverables, dependencies, and responsibilities.",,Up-to-date,2024,https://workdrive.zoho.com/file/tecm127258040992a4b0981ecde4210a57694,"scope, work, datasecurity plus, dsp, detailed"
968,DataSecurity Plus,Sakthi Sri A,dsp-marketing@zohocorp.com,Technical Document,Architecture diagram,"A visual representation of each module's structure, components, and interactions.",,Up-to-date,2024,https://download.manageengine.com/data-security/pdf/architecture.pdf,"datasecurity plus, diagram, architecture, visual, dsp"
969,DataSecurity Plus,Sakthi Sri A,dsp-marketing@zohocorp.com,Technical Document,Security specifications,Requirements and guidelines for ensuring that DataSecurity Plus meets security standards.,,Up-to-date,2024,https://workdrive.zoho.com/file/tecm1482c8c39a8364bbf87b80e8071059a0f,"specifications, datasecurity plus, dsp, requirements, security"
970,DataSecurity Plus,Sakthi Sri A,dsp-marketing@zohocorp.com,Technical Document,Battlecard,"This battlecard provides details on DataSecurity Plus, market drivers, key evaluators, and effective pitching strategies. Note: This is meant for internal use only.",,To be updated,2020,https://workdrive.zoho.com/file/tecm163e3460051544babb273e5188ad54da8,"battlecard, datasecurity plus, dsp, provides, details"
971,DataSecurity Plus,Sakthi Sri A,dsp-marketing@zohocorp.com,Technical Document,RFP,This detailed request for proposal document outlines the features and evaluation criteria of DataSecurity Plus,,To be updated,2021,https://workdrive.zoho.com/file/tecm1e3291d5454ba4536ac18088528f73764,"datasecurity plus, request, dsp, detailed, rfp"
972,DataSecurity Plus,Sakthi Sri A,dsp-marketing@zohocorp.com,Technical Document,Quick start guide,"A brief, set-by-step instructions on how to install and configure DataSecurity Plus",,Up-to-date,2024,https://download.manageengine.com/data-security/datasecurity-plus-quick-start-guide.pdf,"datasecurity plus, quick, dsp, start, brief"
973,DataSecurity Plus,Sakthi Sri A,dsp-marketing@zohocorp.com,Technical Document,Security hardening guide,Best practices and configurations to harden security and eliminate risks when using DataSecurity Plus.,,Up-to-date,2024,https://download.manageengine.com/data-security/pdf/security-hardening.pdf,"hardening, datasecurity plus, best, dsp, security"
974,DataSecurity Plus,Sakthi Sri A,dsp-marketing@zohocorp.com,Technical Document,Secure installation guide,Instructions on setting up DataSecurity Plus securely to minimize vulnerabilities.,,Up-to-date,2024,https://download.manageengine.com/data-security/pdf/secure-installation-guide.pdf,"datasecurity plus, dsp, secure, installation, instructions"
975,DataSecurity Plus,Sakthi Sri A,dsp-marketing@zohocorp.com,Technical Document,Agent document,"Information on how to install DataSecurity Plus agents, syncing configurations, and troubleshooting errors",,Up-to-date,2024,https://download.manageengine.com/data-security/datasecurity-plus-agent-document.pdf,"information, datasecurity plus, dsp, agent, install"
976,DataSecurity Plus,Sakthi Sri A,dsp-marketing@zohocorp.com,Technical Document,Migration guide,Steps to move DataSecurity Plus from one environment to another,,Up-to-date,2024,https://www.manageengine.com/data-security/help/guides/migration-guide.html,"datasecurity plus, dsp, move, steps, migration"
977,DataSecurity Plus,Sakthi Sri A,dsp-marketing@zohocorp.com,Technical Document,SSL configuration guide,Instructions for setting up and managing SSL/TLS security for DataSecurity Plus.,,Up-to-date,2024,https://www.manageengine.com/data-security/help/guides/ssl-configuration-guide.html,"ssl, datasecurity plus, dsp, configuration, instructions"
978,DataSecurity Plus,Sakthi Sri A,dsp-marketing@zohocorp.com,Technical Document,VPAT,Voluntary Product Accessibility Template contains a report detailing DataSecurity Plus' compliance with accessibility standards.,,Up-to-date,2024,https://workdrive.zoho.com/file/q3f9v74bc8b3e2a634d90b69205204abb3143,"voluntary, datasecurity plus, dsp, accessibility, vpat"
979,DataSecurity Plus,Sakthi Sri A,dsp-marketing@zohocorp.com,Comparison document,DataSecurity Plus vs Endpoint DLP Plus,DataSecurity Plus vs Endpoint DLP Plus,,Up-to-date,2025,https://workdrive.zoho.com/file/rd58541016e61f46348a69d993fc2b1e7c72a,"endpoint, dlp, datasecurity plus, datasecurity, dsp"
980,DataSecurity Plus,Sakthi Sri A,dsp-marketing@zohocorp.com,Comparison document,DataSecurity Plus vs Netwrix Endpoint Protection,DataSecurity Plus vs Netwrix Endpoint Protector,,Up-to-date,2024,https://workdrive.zoho.com/file/rd585df580e2e284a4f3e8b2fdde116461358,"endpoint, netwrix, datasecurity plus, datasecurity, dsp"
981,DataSecurity Plus,Sakthi Sri A,dsp-marketing@zohocorp.com,Comparison document,DataSecurity Plus vs Netskope DLP and CASB,DataSecurity Plus vs Netskope DLP and CASB,,Up-to-date,2024,https://workdrive.zoho.com/file/rd585549ff2080b654447b09d3feca8241dbc,"dlp, netskope, datasecurity plus, datasecurity, dsp"
982,DataSecurity Plus,Sakthi Sri A,dsp-marketing@zohocorp.com,Comparison document,DataSecurity Plus vs Microsoft Purview,DataSecurity Plus vs Microsoft Purview,,Up-to-date,2024,https://workdrive.zoho.com/file/rd58511f79da749b5461e9bf4c5376ae2a5ef,"datasecurity plus, datasecurity, dsp, microsoft, purview"
983,DataSecurity Plus,Sakthi Sri A,dsp-marketing@zohocorp.com,Comparison document,DataSecurity Plus vs Veritas Data Insight,DataSecurity Plus vs Veritas Data Insight,,To be updated,2020,https://workdrive.zoho.com/file/rd585ab2e9343c98c4186914167314e003622,"data, datasecurity plus, datasecurity, dsp, veritas"
984,DataSecurity Plus,Sakthi Sri A,dsp-marketing@zohocorp.com,Comparison document,DataSecurity Plus vs Varonis Data Security Platform,DataSecurity Plus vs Varonis Data Security Platform,,To be updated,2020,https://workdrive.zoho.com/file/rd585443502c8254742199da0bd71759bf44d,"data, datasecurity plus, datasecurity, dsp, varonis"
985,DataSecurity Plus,Sakthi Sri A,dsp-marketing@zohocorp.com,Comparison document,DataSecurity Plus vs Lepide Data Security,DataSecurity Plus vs Lepide Data Security,,To be updated,2021,https://workdrive.zoho.com/file/rd5853798f285114244e087340f624de04dbd,"data, datasecurity plus, datasecurity, dsp, lepide"
986,DataSecurity Plus,Sakthi Sri A,dsp-marketing@zohocorp.com,Comparison document,DataSecurity Plus vs Netwrix Data Classification,DataSecurity Plus vs Netwrix Data Classification,,To be updated,2020,https://workdrive.zoho.com/file/rd5859583eadce7084e9c829a7f5232061ed3,"data, netwrix, datasecurity plus, datasecurity, dsp"
987,DataSecurity Plus,Sakthi Sri A,dsp-marketing@zohocorp.com,Comparison document,DataSecurity Plus vs ADAudit Plus,DataSecurity Plus vs ADAudit Plus,,To be updated,2022,https://workdrive.zoho.com/file/rd5853f4245ccc59b4c589d6f47fe3615928b,"dsp, datasecurity plus, adaudit, datasecurity"
988,DataSecurity Plus,Sakthi Sri A,dsp-marketing@zohocorp.com,Technical Document,MECPA,Study material for associate level MECPA certification. Includes a few mock questions.,,To be updated,2021,https://workdrive.zoho.com/file/tecm17c2ba4c4386747eeb760325f750e3c65,"study, mecpa, datasecurity plus, dsp, material"
989,DataSecurity Plus,Sakthi Sri A,dsp-marketing@zohocorp.com,Case study,Case study of EVMS,How Eastern Virginia Medical School secures sensitive data with DataSecurity Plus,,Up-to-date,2023,https://download.manageengine.com/data-security/data-centric-security-in-evms.pdf,"study, evms, case, datasecurity plus, dsp"
